Cleaned institution name,Institution ID,Homepage,Country (ISO2),Head institution
Khalifa University,965,https://www.ku.ac.ae/,AE,Khalifa University
University of Vlora “Ismail Qemali” (UVL),47,https://univlora.edu.al/,AL,University of Vlora “Ismail Qemali” (UVL)
Albanian Geological Survey (GSA),513,http://www.gsa.gov.al/,AL,Albanian Geological Survey (GSA)
University of Buenos Aires (CIMA),218,https://www.cima.fcen.uba.ar/,AR,University of Buenos Aires (CIMA)
Alchemia Nova,12,https://alchemia-nova.eu/,AT,Alchemia Nova
CIRCE Biotechnologie,16,https://circe.at/,AT,CIRCE Biotechnologie
University of Natural Resources and Life Sciences (BOKU),73,https://boku.ac.at/en/,AT,University of Natural Resources and Life Sciences (BOKU)
Environmental Earth Observation Information Technology (ENVEO),391,https://www.enveo.at/,AT,Environmental Earth Observation Information Technology (ENVEO)
SPOTTERON,489,https://www.spotteron.net/,AT,SPOTTERON
International Institute for Applied Systems Analysis (IIASA),725,https://iiasa.ac.at/,AT,International Institute for Applied Systems Analysis (IIASA)
Paris London University of Salzburg (PLUS),924,https://www.plus.ac.at/,AT,Paris London University of Salzburg (PLUS)
Deakin University,85,https://www.deakin.edu.au/,AU,Deakin University
Royal Melbourne Institute of Technology (RMIT),86,https://www.rmit.edu.au/,AU,Royal Melbourne Institute of Technology (RMIT)
Government of Australia,167,https://www.dfat.gov.au,AU,Government of Australia
Austrialian Climate Service,168,https://www.acs.gov.au/,AU,Austrialian Climate Service
Commonwealth Scientific and Industrial Research Organisation (CSIRO),169,https://www.csiro.au/en/,AU,Commonwealth Scientific and Industrial Research Organisation (CSIRO)
Bureau of Metereology of Australia,170,https://www.bom.gov.au/,AU,Bureau of Metereology of Australia
"Australian Government Department of Climate Change, Energy, the Environment and Water",171,https://www.dcceew.gov.au/,AU,Government of Australia
University of Tasmania,188,https://www.utas.edu.au/imas,AU,University of Tasmania
Commonwealth Scientific and Industrial Research Organisation (CSIRO),195,https://www.csiro.au/en/,AU,Commonwealth Scientific and Industrial Research Organisation (CSIRO)
University of Melbourne,276,https://www.unimelb.edu.au/,AU,University of Melbourne
Global Coral Reef Monitoring Network (GCRMN),339,https://gcrmn.net/,AU,International Coral Reef Initiative (ICRI)
Institute for Marine & Antarctic Studies (IMAS),588,https://www.utas.edu.au/imas,AU,University of Tasmania
Pickoun,589,https://www.pickoun.com/,AU,Pickoun
State of Queensland,698,https://www.qld.gov.au/,AU,Government of Australia
Science and Conservation of Fish Aggregations (SCRFA),700,https://www.scrfa.org/,AU,Science and Conservation of Fish Aggregations (SCRFA)
University of Queensland,701,https://www.uq.edu.au/,AU,University of Queensland
River Cleanup,29,https://www.river-cleanup.org/,BE,River Cleanup
Flemish Institute for Technological Research (VITO),32,https://vito.be/,BE,Flemish Institute for Technological Research (VITO)
Flanders Marine Institute (VLIZ),33,https://www.vliz.be/,BE,Flanders Marine Institute (VLIZ)
European Open Science Cloud (EOSC) ,52,https://eosc.eu/,BE,European Union
Flanders Marine Institute (VLIZ),101,https://www.vliz.be/,BE,Flanders Marine Institute (VLIZ)
Seascape,106,https://www.seascapebelgium.be/,BE,Seascape
EuroGOOS,119,https://eurogoos.eu/,BE,EuroGOOS AISBL
University of Liege (ULiege),123,https://www.uliege.be/,BE,University of Liege (ULiege)
European Commission,166,https://commission.europa.eu/,BE,European Union
Ocean Best Practices System (OBPS),183,https://www.oceanbestpractices.org/,BE,United Nations
EuroGOOS,200,https://eurogoos.eu/,BE,EuroGOOS AISBL
University of Liege (ULiege),211,https://www.uliege.be/,BE,University of Liege (ULiege)
Ocean Best Practices System (OBPS),232,https://www.oceanbestpractices.org/,BE,United Nations
Flemish Institute for Technological Research (VITO),247,https://vito.be/,BE,Flemish Institute for Technological Research (VITO)
Ostend Science Park,256,https://ostendsciencepark.be/,BE,Ghent University
Vlaamse Landmaatschappij (VLM),257,https://www.vlm.be/,BE,Vlaamse Landmaatschappij (VLM)
West Flanders Development Agency (POM),258,https://www.pomwvl.be/,BE,West Flanders Development Agency (POM)
Port of Oostende,271,https://www.portofoostende.be/,BE,Port of Oostende
Flanders Marine Institute (VLIZ),273,https://vliz.be/,BE,Flanders Marine Institute (VLIZ)
European Commission Joint Research Centre (JRC),278,https://joint-research-centre.ec.europa.eu/,BE,European Union
Fugro Belgium,299,https://www.fugro.com/contact/locations/belgium,BE,Fugro
Von Karman Institute (VKI),372,https://www.vki.ac.be/,BE,Von Karman Institute (VKI)
KU Leuven,389,https://www.kuleuven.be/english/kuleuven,BE,KU Leuven
Flanders Marine Institute (VLIZ),434,https://www.vliz.be/,BE,Flanders Marine Institute (VLIZ)
European Commission Joint Research Centre (JRC),440,https://joint-research-centre.ec.europa.eu/,BE,European Union
Flanders Marine Institute (VLIZ),455,https://vliz.be/,BE,Flanders Marine Institute (VLIZ)
"Flanders Research Institute for Agriculture, Fisheries and Food (ILVO)",464,https://ilvo.vlaanderen.be/en,BE,"Flanders Research Institute for Agriculture, Fisheries and Food (ILVO)"
European Marine Board (EMB),467,https://www.marineboard.eu/,BE,European Marine Board
Royal Belgian Institute of Natural Sciences (RBINS),507,https://www.naturalsciences.be/,BE,Royal Belgian Institute of Natural Sciences (RBINS)
European Union (EU),548,https://european-union.europa.eu/,BE,European Union (EU)
Copernicus,560,https://www.copernicus.eu/,BE,European Union (EU)
European Commission Joint Research Centre (JRC),561,https://joint-research-centre.ec.europa.eu/,BE,European Union
University of Liege (ULiege),576,https://www.uliege.be/,BE,University of Liege (ULiege)
Royal Belgian Institute of Natural Sciences (RBINS),663,https://www.naturalsciences.be/,BE,Royal Belgian Institute of Natural Sciences (RBINS)
Flanders Marine Institute (VLIZ),683,https://vliz.be/,BE,Flanders Marine Institute (VLIZ)
European Commission,717,https://commission.europa.eu/,BE,European Union
Network of European Regions Using Space Technologies (NEREUS),746,https://www.nereus-regions.eu/,BE,Network of European Regions Using Space Technologies (NEREUS)
European Association of Remote Sensing Companies (EARSC),748,https://earsc.org/,BE,European Association of Remote Sensing Companies (EARSC)
Pensoft Publishers,817,https://pensoft.net/,BE,Pensoft Publishers
TIMELEX,909,https://www.timelex.eu/,BE,TIMELEX
Global E-Sustainability Initiative (GESI),910,https://www.gesi.org/,BE,Global Enabling Sustainability Initiative (GESI)
Institute of Biodiversity and Ecosystem Research at the Bulgarian Academy of Sciences,457,http://www.iber.bas.bg/,BG,Bulgarian Academy of Sciences
Institute of Oceanology Bulgarian Academy of Sciences,499,https://www.bas.bg/?page_id=24441&lang=en,BG,Bulgarian Academy of Sciences
Federal University of Rio de Janeiro (UFRJ),217,https://ufrj.br/en/,BR,Federal University of Rio de Janeiro (UFRJ)
Pereira Passos Institute,302,https://ipp.prefeitura.rio/,BR,Pereira Passos Institute
University of Sao Paulo (USP),450,https://www5.usp.br/,BR,University of Sao Paulo (USP)
Federal University of Rio Grande do Norte (UFRN),451,https://ufrn.br/en,BR,Federal University of Rio Grande do Norte (UFRN)
Federal University of Pará (UFPA),768,https://ufpa.br/,BR,Federal University of Pará (UFPA)
Federal University of Rio Grande do Sul,794,https://www.ufrgs.br/,BR,Federal University of Rio Grande do Sul
Federal University of Rio de Janeiro (UFRJ),835,https://ufrj.br/en/,BR,Federal University of Rio de Janeiro (UFRJ)
Petrobras,836,https://petrobras.com.br/,BR,Petrobras
Recife Center for Advanced Studies and Systems (CESAR),837,https://www.cesar.org.br/,BR,Recife Center for Advanced Studies and Systems (CESAR)
Ocean Networks Canada (ONC),184,https://www.oceannetworks.ca,CA,University of Victoria
Wolastoqey Nation in New Brunswick (WNNB),191,https://wnnb.wolastoqey.ca,CA,Wolastoqey Nation in New Brunswick (WNNB)
"Marine Environmental Observation, Prediction and Response Network (MEOPAR)",196,https://meopar.ca/,CA,"Marine Environmental Observation, Prediction and Response Network (MEOPAR)"
River Institute ,445,https://riverinstitute.ca/,CA,River Institute 
University of British Colombia,452,https://www.ubc.ca/,CA,University of British Colombia
University of British Colombia,459,https://www.ubc.ca/,CA,University of British Colombia
Pacific Marine Analysis and Research Association (PacMARA),720,https://my.charitableimpact.com/charities/pacific-marine-analysis-and-research-association,CA,Pacific Marine Analysis and Research Association (PacMARA)
University of New Brunswick,772,https://www.unb.ca/,CA,University of New Brunswick
Canadian Shellfish Sanitation Program (CSSP),774,https://inspection.canada.ca/en/preventive-controls/fish/cssp,CA,Canadian Shellfish Sanitation Program (CSSP)
"Canadian Food Inspection Agency 
(CFIA)",775,https://inspection.canada.ca/en,CA,"Canadian Food Inspection Agency 
(CFIA)"
Environmental and Climate Change Canada (ECCC),776,https://www.canada.ca/en/environment-climate-change.html,CA,Environmental and Climate Change Canada (ECCC)
Fisheries and Oceans Canada (DFO),777,http://www.dfo-mpo.gc.ca/index-eng.htm,CA,Fisheries and Oceans Canada (DFO)
University of Victoria,778,https://www.uvic.ca/,CA,University of Victoria
Swiss Federal Institute of Techlogy Zurich (ETHZ),109,https://ethz.ch/,CH,Swiss Federal Institute of Techlogy Zurich (ETHZ)
International Federation of Red Cross and Red Crescent Societies (IFRC),288,https://www.ifrc.org/,CH,International Federation of Red Cross and Red Crescent Societies (IFRC)
Photrack Ag,384,https://www.photrack.ch/,CH,Photrack Ag
Mondaic,412,https://www.mondaic.com/,CH,Mondaic
Photrack Ag,695,https://www.photrack.ch/,CH,Photrack Ag
Biodiversity and Protected Areas Management Programme (BIOPAMA),716,https://biopama.org/,CH,Biodiversity and Protected Areas Management Programme (BIOPAMA)
Resilience Guard (RG),758,https://www.resilienceguard.ch/,CH,Resilience Guard (RG)
Resilience Guard (RG),889,https://www.resilienceguard.ch/,CH,Resilience Guard (RG)
Heritage and Archeology Office of Neuchâtel,931,https://www.ne.ch/,CH,Canton of Neuchâtel
Swiss Center for Electronics and Microtechnology (CSEM),932,https://www.csem.ch/en/,CH,Swiss Center for Electronics and Microtechnology (CSEM)
Alpes Lasers,933,https://www.alpeslasers.ch/,CH,Alpes Lasers
Ministry of Marine Resources of Cook Islands,323,https://mmr.gov.ck/,CK,Government of Cook Islands
Humboldt II Project,246,https://proyectohumboldt2.org/,CL,Humboldt II Project
Harbin Engineering University,4,https://english.hrbeu.edu.cn/,CN,Harbin Engineering University
Shanghai Ocean University (SOU),5,https://www.shou.edu.cn/eng/,CN,Shanghai Ocean University (SOU)
CNFC Overseas Fisheries Co.,6,http://www.cofc.com.cn/,CN,CNFC Overseas Fisheries Co.
Donghai Navigation Safety Administration,7,,CN,Government of China
Fuzhou Data Administration,8,https://www.fujian.gov.cn/english/,CN,Government of China
China State Shipbuilding Corporation Limited (CSSC),9,https://www.chinaships.com/,CN,China State Shipbuilding Corporation Limited (CSSC)
China National Offshore Oil Corporation,36,https://www.cnoocltd.com/english/,CN,China National Offshore Oil Corporation
Xiameng University,37,https://en.xmu.edu.cn/,CN,Xiameng University 
National Satellite Ocean Application Center (NSOAS),38,http://www.nsoas.org.cn/eng/,CN,National Satellite Ocean Application Center (NSOAS)
Chinese Academy of Sciences (CAS),131,https://english.cas.cn/,CN,Chinese Academy of Sciences (CAS)
National Marine Environmental Forecasting Division (NMEFC),199,https://english.nmefc.cn/,CN,National Marine Environmental Forecasting Division (NMEFC)
CNOOC Deepwater Development Limited,366,https://www.cnoocltd.com/english/,CN,China National Offshore Oil Corporation
Ministry of Natural Resources,370,http://www.mnr.gov.cn/,CN,Government of China
Shandong Shipping Corporation (SDSC),382,https://en.sdshipping.cn/,CN,Shandong Shipping Corporation (SDSC)
Shandong Marine Group,383,https://en.sdmg.cn/,CN,Shandong Marine Group
Dalian Maritime University (DMU),385,https://english.dlmu.edu.cn/,CN,Dalian Maritime University (DMU)
Southern Marine Science and Engineering Guangdong Laboratory Zhuhai,594,https://www.sml-zhuhai.cn/,CN,Southern Marine Science and Engineering Guangdong Laboratory Zhuhai
Tencent,595,https://www.tencent.com/,CN,Tencent
Ocean University of China,615,http://eweb.ouc.edu.cn/main.htm,CN,Ocean University of China
China Ocean Affairs Administration,743,https://www.fmprc.gov.cn/eng/wjb/zzjg_663340/bianhaisi_eng_665278/,CN,Government of China
Zhejiang Lab,744,https://en.zhejianglab.com/,CN,Government of Zhejiang Province 
Tianjin University ,773,https://en.tju.edu.cn/,CN,Tianjin University 
Zhejiang University,839,https://www.zju.edu.cn/,CN,Zhejiang University
China National Fisheries Corporation (CNFC),840,https://www.qdkangjing.cn/en/advantages/1/,CN,China National Fisheries Corporation (CNFC)
Institute for Marine and Coastal Research (INVEMAR),78,https://www.invemar.org.co/,CO,Institute for Marine and Coastal Research (INVEMAR)
UNESCO-IOC Subcommission for the Caribbean and Adjacent Regions (IOCARIBE),238,https://iocaribe.ioc-unesco.org/en/TACR,CO,UNESCO-IOC Subcommission for the Caribbean and Adjacent Regions (IOCARIBE)
Corporation For Marine Science Excellence,314,https://cemarin.org/es/inicio/,CO,University Jorge Tadeo Lozano
National University of Colombia(UNAL),316,https://unal.edu.co/,CO,Ministry of Education
University of North,821,https://www.uninorte.edu.co/,CO,University of North
Learnworlds Cyprus,473,https://www.learnworlds.com/contact/,CY,Learnworlds
Cyprus Marine and Maritime Institute (CMMI),487,https://www.cmmi.blue/,CY,Cyprus Marine and Maritime Institute (CMMI)
The Cyprus Institute,537,https://www.cyi.ac.cy/,CY,The Cyprus Institute
Danaos Corporation,546,https://www.danaos.com/home/default.aspx,CY,Danaos Corporation
SignalGeneriX,880,https://www.signalgenerix.com/,CY,SignalGeneriX
Cyprus Marine and Maritime Institute (CMMI),882,https://www.cmmi.blue/,CY,Cyprus Marine and Maritime Institute (CMMI)
University of Cyprus,887,https://www.ucy.ac.cy/,CY,University of Cyprus
Cyprus Department of Antiquities,919,https://www.culture.gov.cy/dmculture/da/da.nsf/DMLindex_en/DMLindex_en?OpenDocument,CY,Government of Cyprus
ERATOSTHENES Centre of Excellence (ECoE),923,https://eratosthenes.org.cy/,CY,Cyprus University of Technology
University of Cyprus,925,https://www.ucy.ac.cy/,CY,University of Cyprus
Cyprus Marine and Maritime Institute (CMMI),963,https://www.cmmi.blue/,CY,Cyprus Marine and Maritime Institute (CMMI)
Czech National Research and Education Network (CESNET),523,https://www.cesnet.cz/en,CZ,Czech National Research and Education Network (CESNET)
Fresenius University of Applied Sciences,22,https://www.hs-fresenius.de/,DE,Carl Remigius Fresenius Education
52°North Spatial Information Research,53,https://52north.org/,DE,52°North Spatial Information Research
German Climate Computing Center (DKRZ),58,https://www.dkrz.de/de,DE,German Climate Computing Center (DKRZ)
Helmholtz-Zentrum Hereon,61,https://www.hereon.de/,DE,Helmholtz Association of German Research Centres
Bochum University of Applied Sciences,62,https://www.hochschule-bochum.de/,DE,Bochum University of Applied Sciences
Karlsruhe Institute of Technology (KIT),64,https://www.kit.edu/english/,DE,Karlsruhe Institute of Technology (KIT)
Leibniz Institute of Freshwater Ecology and Inland Fisheries (IGB),68,https://www.igb-berlin.de/en/about-us,DE,Leibniz Institute of Freshwater Ecology and Inland Fisheries (IGB)
Technical University Dresden (TUD),72,https://tu-dresden.de/,DE,Technical University Dresden (TUD)
European Molecular Biology Laboratory (EMBL),102,https://www.embl.org/,DE,European Molecular Biology Laboratory (EMBL)
Alfred-Wegener Institute (AWI),124,https://www.awi.de/en/,DE,Helmholtz Association of German Research Centres
"High Performance Computing Center, University of Stuttgart (USTUTT)",151,https://www.hlrs.de/,DE,University of Stuttgart
Technical University of Munich (TUM),153,https://www.tum.de/,DE,Technical University of Munich (TUM)
University of Munich (LMU),154,https://www.lmu.de/en/,DE,University of Munich (LMU)
Johannes Gutenberg University Mainz,159,https://www.uni-mainz.de/,DE,Johannes Gutenberg University Mainz
All-Atlantic Ocean Observing System (AtlantOS),174,https://atlantos-h2020.eu/index.html,DE,All-Atlantic Ocean Observing System (AtlantOS)
Helmholtz-Zentrum Hereon,179,https://www.hereon.de/,DE,Helmholtz Association of German Research Centres
The Alliance for Development Works,287,https://www.allianceofdevelopment.org/de/,DE,The Alliance for Development Works
Earth Observation and Mapping (EOMAP),298,https://eomap.com/,DE,Fugro
Hamburg Port Authority (HPA),368,https://www.hamburg-port-authority.de/,DE,Government of Germany
Fraunhofer Institute for Wind Energy Systems (IWES),378,https://www.iwes.fraunhofer.de/,DE,Fraunhofer Institute for Wind Energy Systems (IWES)
Siemens Gamesa Renewable Energy (SGRE),381,https://www.siemensgamesa.com/,DE,Siemens
Helmholtz Centre for Geosciences (GFZ),406,https://www.gfz.de/en/,DE,Helmholtz Association of German Research Centres
University of Hamburg,416,https://www.uni-hamburg.de/en.html,DE,University of Hamburg
Helmholtz Centre for Ocean Research Kiel (GEOMAR),458,https://www.geomar.de/,DE,Helmholtz Association of German Research Centres
Leibniz Institute for Baltic Sea Research Warnemünde (IOW),496,https://www.iow.de/en_index.html,DE,Leibniz Institute for Baltic Sea Research Warnemünde (IOW)
Research Centre Jülich,527,https://www.fz-juelich.de/,DE,Research Centre Jülich
Helmholtz Centre for Environmental Research (UFZ),536,https://www.ufz.de/,DE,Helmholtz Association of German Research Centres
Research Centre Jülich,538,https://www.fz-juelich.de/,DE,Research Centre Jülich
Karlsruhe Institute of Technology (KIT),544,https://www.kit.edu/english/,DE,Karlsruhe Institute of Technology (KIT)
Helmholtz Centre for Environmental Research (UFZ),545,https://www.ufz.de/,DE,Helmholtz Association of German Research Centres
European Organisation for the Exploitation of Meteorological Satellites (EUMETSAT),549,http://www.eumetsat.int/,DE,EUMETSAT
Alfred-Wegener Institute (AWI),571,https://www.awi.de/en/,DE,Helmholtz Association of German Research Centres
Alfred-Wegener Institute (AWI),584,https://www.awi.de/en/,DE,Helmholtz Association of German Research Centres
German Research Centre for Artificial Intelligence (DFKI),599,https://www.dfki.de/web,DE,German Research Centre for Artificial Intelligence (DFKI)
Ascora,605,https://ascora.de/en/,DE,Ascora
Helmholtz Centre for Environmental Research (UFZ),625,https://www.ufz.de/,DE,Helmholtz Association of German Research Centres
Siemens Gamesa Renewable Energy (SGRE),637,https://www.siemensgamesa.com/,DE,Siemens
Alfred-Wegener Institute (AWI),679,https://www.awi.de/en/,DE,Helmholtz Association of German Research Centres
OHB Digital,747,https://www.ohb.de/,DE,OHB Digital
IN2,753,https://in-two.com/,DE,IN2
Alfred-Wegener Institute (AWI),791,https://www.awi.de/en/,DE,Helmholtz Association of German Research Centres
University of Munich (LMU),818,https://www.lmu.de/en/,DE,University of Munich (LMU)
"Niedersächsischer Landesbetrieb für Wasserwirtschaft, Küsten- und Naturschutz",819,https://www.nlwkn.niedersachsen.de/startseite/,DE,"Niedersächsischer Landesbetrieb für Wasserwirtschaft, Küsten- und Naturschutz"
Global Climate Forum,824,https://globalclimateforum.org/,DE,Global Climate Forum
Helmholtz-Zentrum Hereon,825,https://www.hereon.de/,DE,Helmholtz Association of German Research Centres
Helmholtz Centre for Ocean Research Kiel (GEOMAR),846,https://www.geomar.de/,DE,Helmholtz Association of German Research Centres
Federal Waterways Engineering and Research Institute (BAW),911,https://www.baw.de/,DE,Federal Waterways Engineering and Research Institute (BAW)
Smile Consult,912,https://www.smileconsult.de/,DE,Smile Consult
planGIS,913,https://www.plangis.de/,DE,planGIS
German Archaeological Institute (DAI),914,https://www.dainst.org/en/,DE,German Archaeological Institute (DAI)
Bavarian State Office for Monument Protection (BLFD),917,https://www.blfd.bayern.de/,DE,German Government
German Aerospace Centre (DLR),921,https://www.dlr.de/,DE,German Aerospace Centre (DLR)
Ulm University,930,https://www.uni-ulm.de/,DE,Ulm University
Helmholtz Centre for Geosciences (GFZ),936,https://www.gfz.de/en/,DE,Helmholtz Association of German Research Centres
Karlsruhe Institute of Technology (KIT),967,https://www.kit.edu/english/,DE,Karlsruhe Institute of Technology (KIT)
Aalborg University,54,https://www.en.aau.dk/,DK,Aalborg University
WateriTech,76,https://www.wateritech.com/,DK,WateriTech
WaterWebTools,77,https://www.wwt-platform.com/,DK,WateriTech
Danish Geodata Agency,355,https://eng.gst.dk/,DK,Danish Geodata Agency
Technical University Denmark (DTU),371,https://www.dtu.dk/,DK,Technical University Denmark (DTU)
Danish Hydraulic Institute (DHI),373,https://www.dhigroup.com/,DK,Danish Hydraulic Institute (DHI)
Enfor,379,https://enfor.dk/,DK,Danfoss
Geological Survey of Denmark and Greenland (GEUS),390,https://eng.geus.dk/,DK,Geological Survey of Denmark and Greenland (GEUS)
Danish Hydraulic Institute (DHI),493,https://www.dhigroup.com/,DK,Danish Hydraulic Institute (DHI)
Technical University Denmark (DTU) Department of Wind and Energy Systems,635,https://wind.dtu.dk/,DK,Technical University Denmark (DTU)
Vestas Wind Systems A/S,636,https://www.vestas.com/en,DK,Vestas Wind Systems A/S
LM Wind Power,638,https://www.lmwindpower.com/,DK,LM Wind Power
PowerCurve ,640,https://powercurve.dk/,DK,PowerCurve 
Danish Meteorological Institute,765,https://www.dmi.dk/,DK,Danish Meteorological Institute
Danish Hydraulic Institute (DHI),796,https://www.dhigroup.com/,DK,Danish Hydraulic Institute (DHI)
International Council for the Exploration of the Sea (ICES),844,https://www.ices.dk/,DK,International Council for the Exploration of the Sea (ICES)
The National Geological Surveys for Denmark and Greenland (GEUS),873,https://eng.geus.dk/,DK,The National Geological Surveys for Denmark and Greenland (GEUS)
Charles Darwin Foundation,312,https://www.darwinfoundation.org/es/,EC,Charles Darwin Foundation
University of San Francisco at Quito,831,https://www.usfq.edu.ec/es,EC,University of San Francisco at Quito
Estonian Marine Institute,59,https://mereinstituut.ut.ee/,EE,University of Tartu
University of Tartu,429,https://ut.ee/,EE,University of Tartu
University of Tartu,671,https://ut.ee/,EE,University of Tartu
"Tallinn University of Technology, Department for Marine Systems",767,https://taltech.ee/en/department-marine-systems,EE,University of Tallinn
University of Cádiz (UCA),30,https://www.uca.es/,ES,University of Cádiz (UCA)
University of Girona (UdG),42,https://www.udg.edu/en/,ES,University of Girona (UdG)
Centre for Ecological Research and Forestry Applications (CREAF),56,https://www.creaf.cat/en,ES,Centre for Ecological Research and Forestry Applications (CREAF)
Institute of Marine Sciences (ICM),63,https://www.icm.csic.es/en,ES,National Research Council of Spain (CSIC)
Basque Centre for Climate Change – Klima Aldaketa Ikergai (BC3),75,https://www.bc3research.org/en/,ES,Basque Centre for Climate Change – Klima Aldaketa Ikergai (BC3)
"Ministry of Science, Innovation and Universities of Spain",80,https://www.ciencia.gob.es/,ES,Government of Spain
Region of Balearic Islands,81,https://www.caib.es/,ES,Region of Balearic Islands
National Research Council of Spain (CSIC),82,https://www.csic.es/,ES,National Research Council of Spain (CSIC)
Balearic Islands Coastal Observing and Forecasting System (SOCIB),120,https://www.socib.es/,ES,Balearic Islands Coastal Observing and Forecasting System (SOCIB)
The Catalan Institute of Research for the Governance of the Sea (ICATMAR),129,https://www.icatmar.cat/en/,ES,The Catalan Institute of Research for the Governance of the Sea (ICATMAR)
Xarxa Tecsam,130,https://tecsam.org/about/,ES,Xarxa Tecsam
National Research Council of Spain (CSIC),148,https://www.csic.es/,ES,National Research Council of Spain (CSIC)
Barcelona Supercomputing Centre (BSC),149,https://www.bsc.es/,ES,Barcelona Supercomputing Centre (BSC)
University of Malaga (UMA),155,https://www.uma.es/,ES,University of Malaga (UMA)
Balearic Islands Coastal Observing and Forecasting System (SOCIB),172,https://www.socib.es/,ES,Balearic Islands Coastal Observing and Forecasting System (SOCIB)
University of the Balearic Islands (UIB),189,https://www.uib.eu,ES,University of the Balearic Islands (UIB)
Nologin,212,https://www.nologin.es/,ES,Nologin
Balearic Islands Coastal Observing and Forecasting System (SOCIB),220,https://www.socib.es/,ES,Balearic Islands Coastal Observing and Forecasting System (SOCIB)
Oceanic Platform of the Canary Islands (PLOCAN),228,https://plocan.eu/,ES,Oceanic Platform of the Canary Islands (PLOCAN)
University of Las Palmas of Gran Canaria,237,https://www10.ulpgc.es/,ES,University of Las Palmas of Gran Canaria
"Department of Tourism, Culture, Youth and Sports of the Region of Murcia",268,"https://www.carm.es/web/pagina?IDCONTENIDO=217&IDTIPO=200&__PLANT_PERSONALIZADA=/JSP/CARM/carm2018/organigramas/plantillaDetalleOrganigrama.jsp&IDESTRUCTURAJERARQUICA=662&RASTRO=c$m25987,121,50480",ES,Government of Spain
Federation of Agricultural Cooperatives of Murcia (FECOAM),269,https://fecoam.es,ES,Federation of Agricultural Cooperatives of Murcia (FECOAM)
University of Cantabria Institute of Environmental Hydraulics,279,https://ihcantabria.com/,ES,University of Cantabria Institute of Environmental Hydraulics
National Research Council of Spain (CSIC),404,https://www.csic.es/,ES,National Research Council of Spain (CSIC)
Polytechnic University of Valencia (UPV),420,https://www.upv.es/,ES,Polytechnic University of Valencia (UPV)
AZTI,422,https://www.azti.es/,ES,AZTI
Ecopath International Association (EII),428,https://ecopathinternational.org/,ES,Ecopath International Association (EII)
National Research Council of Spain (CSIC),439,https://www.csic.es/,ES,National Research Council of Spain (CSIC)
University of Santiago de Compostela (USC),449,https://www.usc.gal/en,ES,University of Santiago de Compostela (USC)
Higher Council for Scientific Research,462,https://www.csic.es/,ES,Government of Spain
Ecopath International Association (EII),479,https://ecopathinternational.org/,ES,Ecopath International Association (EII)
Naval and Sea Technological Center (CTNAVAL),485,https://www.ctnaval.com/,ES,CTNAVAL
Ocean Ecostructures,486,https://oceanecostructures.com/,ES,Ocean Ecostructures
Coral Soul,490,https://www.coralsoul.org/,ES,Coral Soul
Seastainable Ventures,495,https://www.seastainableventures.com/,ES,Seastainable Ventures
Eurecat,497,https://eurecat.org/,ES,Eurecat
National Research Council of Spain (CSIC),500,https://www.csic.es/,ES,National Research Council of Spain (CSIC)
GPA Seabots,502,https://www.seabots.eu/,ES,GPA Seabots
Geological Survey of Spain (IGME),509,https://www.igme.es/,ES,Geological Survey of Spain (IGME)
National Research Council of Spain (CSIC),525,https://www.csic.es/,ES,National Research Council of Spain (CSIC)
Development Center of Remote Acquisition and Information Processing Systems (SARTI),562,https://cdsarti.org/,ES,Polytechnic University of Catalonia
Polytechnic University of Catalonia,563,https://www.upc.edu/es,ES,Polytechnic University of Catalonia
National Research Council of Spain (CSIC),598,https://www.csic.es/,ES,National Research Council of Spain (CSIC)
Fundación Valenciaport,606,https://www.fundacion.valenciaport.com/en/,ES,Fundación Valenciaport
PLASMAR,618,https://www.plasmar.eu/,ES,PLASMAR
ECOAQUA,619,https://www.ecoaqua.eu/,ES,University of Las Palmas de Gran Canaria
Polytechnic University of Valencia (UPV),623,https://www.upv.es/,ES,Polytechnic University of Valencia (UPV)
NOW Systems,630,https://nowsystems.eu/,ES,NOW Systems
Nologin,631,https://www.nologin.es/,ES,Nologin
Oritia&Boreas,633,https://www.oritiayboreas.com/,ES,University of Granada
Marine Technology Centre (CETMAR),661,https://cetmar.org/,ES,Marine Technology Centre (CETMAR)
Technological Institute for the Monitoring of the Marine Environment in Galicia (INTECMAR),662,https://www.intecmar.gal/intecmar/default.aspx,ES,Technological Institute for the Monitoring of the Marine Environment in Galicia (INTECMAR)
University of Salamanca,672,https://www.usal.es/,ES,University of Salamanca
University of Cantabria,676,https://web.unican.es/,ES,University of Cantabria
Fundación Instituto de Hidráulica Ambiental de Cantabria,677,https://fundacionih.es/en/,ES,Fundación Instituto de Hidráulica Ambiental de Cantabria
Higher Council for Scientific Research,678,https://www.csic.es/,ES,Government of Spain
Basque Centre for Climate Change – Klima Aldaketa Ikergai (BC3),685,https://www.bc3research.org/en/,ES,Basque Centre for Climate Change – Klima Aldaketa Ikergai (BC3)
Catholic University of Murcia (UCAM),692,https://www.ucam.edu/,ES,Catholic University of Murcia (UCAM)
Polytechnic University of Valencia (UPV),693,https://www.upv.es/,ES,Polytechnic University of Valencia (UPV)
Vielca Ingenieros,694,https://www.vielca.com/en,ES,Vielca Ingenieros
Basque Research and Technology Alliance (BRTA),706,https://brta.euskadi.eus/,ES,Basque Research and Technology Alliance (BRTA)
Vizzuality,721,https://www.vizzuality.com/,ES,Vizzuality
University of Sevilla,752,https://www.us.es/eng,ES,University of Sevilla
Polytechnic University of Catalonia,806,https://www.upc.edu/es,ES,Polytechnic University of Catalonia
Eurecat,808,https://eurecat.org/,ES,Eurecat
New Water Culture Foundation (FNCA),809,https://fnca.eu/,ES,New Water Culture Foundation (FNCA)
Medidas De Adaptacion Costera Sostenible Sl,810,,ES,Medidas De Adaptacion Costera Sostenible Sl 
Royal Melbourne Institute of Technology (RMIT Europe),815,https://www.rmit.eu/,ES,RMIT Europe
Maritime Engineering Laboratory (LIM),830,https://lim.upc.edu/en/LIM,ES,Polytechnic University of Catalonia
WWF Spain,833,https://www.wwf.es/,ES,WWF Spain
La Palma Research Centre (LPRC),900,https://www.lapalmacentre.eu/,ES,La Palma Research Centre (LPRC)
Oceanic Platform of the Canary Islands (PLOCAN),903,https://plocan.eu/,ES,Oceanic Platform of the Canary Islands (PLOCAN)
Polytechnic University of Madrid ,905,https://www.upm.es/,ES,Polytechnic University of Madrid 
University of Barcelona,938,https://web.ub.edu/en/,ES,University of Barcelona
Polytechnic University of Valencia (UPV),954,https://www.upv.es/,ES,Polytechnic University of Valencia (UPV)
University Institute for Research in Water Engineering and the Environment,955,https://iiama.webs.upv.es/,ES,Polytechnic University of Valencia (UPV)
Research Institute for Coastal Zone Management,956,https://igic.webs.upv.es/,ES,Polytechnic University of Valencia (UPV)
Valencian Centre for Irrigation Studies (CVER),957,https://innovacion.upv.es/en/structures/cver/,ES,Polytechnic University of Valencia (UPV)
Orbital EOS,960,https://www.orbitaleos.com/,ES,Orbital EOS
Centre for Scientific Computing (CSC),57,https://csc.fi/,FI,Centre for Scientific Computing (CSC)
Baltic Marine Environment Protection Commission (HELCOM),60,https://helcom.fi/,FI,Baltic Marine Environment Protection Commission (HELCOM)
National Land Survey of Finland,65,https://www.maanmittauslaitos.fi/tutkimus,FI,National Land Survey of Finland
Finnish Environment Institute (SYKE),71,https://aquainfra.eu/partners/suomen-ymparistokeskus,FI,University of Helsinki
Baltic Marine Environment Protection Commission (HELCOM),83,https://helcom.fi/,FI,Baltic Marine Environment Protection Commission (HELCOM)
Integrated Carbon Observation System (ICOS),180,https://www.icos-cp.eu,FI,Integrated Carbon Observation System (ICOS)
Natural Resources Institute Finland (LUKE),262,https://www.luke.fi/en,FI,Natural Resources Institute Finland (LUKE)
Finnish Environment Institute (SYKE),432,https://aquainfra.eu/partners/suomen-ymparistokeskus,FI,University of Helsinki
Eniram Oy,517,http://www.eniram.fi/,FI,Wärtsilä
Wärtsilä ,518,https://www.wartsila.com/,FI,Wärtsilä 
Integrated Carbon Observation System (ICOS),521,https://www.icos-cp.eu,FI,Integrated Carbon Observation System (ICOS)
Finnish Meteorological Institute (FMI),528,https://en.ilmatieteenlaitos.fi/,FI,Finnish Meteorological Institute (FMI)
Integrated Carbon Observation System (ICOS),539,https://www.icos-cp.eu,FI,Integrated Carbon Observation System (ICOS)
"Aerosol, Clouds, and Trace Gases Research Infrastructure (ACTRIS)",540,https://www.actris.eu/,FI,"Aerosol, Clouds, and Trace Gases Research Infrastructure (ACTRIS)"
University of Helsinki,542,https://www.helsinki.fi/fi,FI,University of Helsinki
Baltic Marine Environment Protection Commission (HELCOM),602,https://helcom.fi/,FI,Baltic Marine Environment Protection Commission (HELCOM)
Åbo Akademi University (ÅAU),681,https://www.abo.fi/en/,FI,Åbo Akademi University (ÅAU)
University of Helsinki,686,https://www.helsinki.fi/fi,FI,University of Helsinki
Finnish Meteorological Institute (FMI),749,https://en.ilmatieteenlaitos.fi/,FI,Finnish Meteorological Institute (FMI)
Centre for Scientific Computing (CSC),764,https://csc.fi/,FI,Centre for Scientific Computing (CSC)
Research Council of Finland,966,https://www.aka.fi/en/,FI,Research Council of Finland
Corals for Conservation (C4C),243,https://www.corals4conservation.org/,FJ,Corals for Conservation (C4C)
University of the South Pacific,800,https://www.usp.ac.fj/,FJ,University of the South Pacific
Waste & Water,35,https://www.wastenwater.com/,FR,Waste & Water
University of Nice Sophia Antipolis (UNS),41,http://unice.fr/en,FR,University of Nice Sophia Antipolis (UNS)
National Center for Scientific Research (CNRS),88,https://www.cnrs.fr/fr,FR,National Center for Scientific Research (CNRS)
French National Institute for Ocean Science (IFREMER),89,https://www.ifremer.fr/en,FR,French National Institute for Ocean Science (IFREMER)
University of Lille,90,https://www.univ-lille.fr/en/,FR,University of Lille
University of Caen,91,https://www.unicaen.fr/,FR,University of Caen
Sorbonne University,92,https://www.sorbonne-universite.fr/,FR,Sorbonne University
LIENSs Laboratory ,93,https://lienss.univ-larochelle.fr/,FR,University of La Rochelle
University of Bordeaux,94,https://www.u-bordeaux.fr/,FR,University of Bordeaux
European Institute for Marine Studies (IUEM),95,https://www-iuem.univ-brest.fr/?lang=en,FR,University of Western Brittany (UBO)
National Research Institute for Sustainable Development of France (IRD),104,https://en.ird.fr/our-identity,FR,National Research Institute for Sustainable Development of France (IRD)
French National Institute for Ocean Science (IFREMER),107,https://www.ifremer.fr/en,FR,French National Institute for Ocean Science (IFREMER)
Mercator Ocean International (MOI),108,https://www.mercator-ocean.eu/,FR,Mercator Ocean International (MOI)
Pokapoka,110,https://www.pokapok.org/,FR,Pokapoka
Oceanscope ,111,https://www.ocean-scope.com/,FR,Oceanscope 
IEEE France,112,https://ieeefrance.org/,FR,IEEE
Eviden,157,https://eviden.com/contact-us/,FR,Eviden
Institut de physique du globe de Paris (IPGP),160,https://www.ipgp.fr/,FR,Paris Cité University
Joint European Research Infrastructure of Coastal Observatories Research Infrastructure (JERICO-RI) ,173,https://www.jerico-ri.eu,FR,Joint European Research Infrastructure of Coastal Observatories Research Infrastructure (JERICO-RI) 
French National Institute for Ocean Science (IFREMER),181,https://www.ifremer.fr/en,FR,French National Institute for Ocean Science (IFREMER)
Laboratory of Space Geophysical and Oceanographic Studies (LEGOS),201,https://www.legos.omp.eu/en/homepage/,FR,Observatoire Midi-Pyrénées (OMP)
"National Research Institute for Agriculture, Food and Environment of France (INRAE)",251,https://www.inrae.fr/en/about-us/organisation,FR,"National Research Institute for Agriculture, Food and Environment of France (INRAE)"
Nouvelle-Aquitaine Regional Chamber of Agriculture,270,https://nouvelle-aquitaine.chambres-agriculture.fr/,FR,Government of France
La Fédération Régionale d'Agriculture Biologique Nouvelle-Aquitain (FRAB),272,https://www.bionouvelleaquitaine.com/,FR,La Fédération Régionale d'Agriculture Biologique Nouvelle-Aquitain (FRAB)
Centre national d'études spatiales (CNES),291,https://cnes.fr/en,FR,Centre national d'études spatiales (CNES)
Research Infrastructure for coastal ocean observation (ILICO),292,https://www.ir-ilico.fr/?PagePrincipale&lang=en,FR,Research Infrastructure for coastal ocean observation (ILICO)
French National Institute for Ocean Science (IFREMER),293,https://www.ifremer.fr/en,FR,French National Institute for Ocean Science (IFREMER)
University of the Littoral Opal Coast,294,https://www.univ-littoral.fr/,FR,University of the Littoral Opal Coast
University of Montpellier,295,https://www.umontpellier.fr/,FR,University of Montpellier
University of Perpignan,296,https://www.univ-perp.fr/,FR,University of Perpignan
Aix-Marseille University,297,https://www.univ-amu.fr/en,FR,Aix-Marseille University
The French Coral Reef Initiative (IFRECOR),341,https://ifrecor.fr/,FR,The French Coral Reef Initiative (IFRECOR)
Dassault Systemes,350,https://www.3ds.com/,FR,Dassault Systemes
National Center for Scientific Research (CNRS),403,https://www.cnrs.fr/fr,FR,National Center for Scientific Research (CNRS)
Observatoire de la Côte d’Azur (OCA),413,https://www.oca.eu/,FR,University of Côte d'Azur
University of Cote d'Azur (UCA),414,https://univ-cotedazur.fr/,FR,University of Cote d'Azur (UCA)
University of Grenoble Alps (UGA),415,https://www.univ-grenoble-alpes.fr/,FR,University of Grenoble Alps (UGA)
Paris Cité University,417,https://u-paris.fr/,FR,Paris Cité University
University of Strasbourg,419,https://www.unistra.fr/,FR,University of Strasbourg
Center for Insular Research and Environmental Observatory (CRIOBE),424,https://www.criobe.pf/en/home/,FR,Center for Insular Research and Environmental Observatory (CRIOBE)
NetAlgae,433,https://www.netalgae.eu/profile-agro-campus-ouest.php,FR,NetAlgae
National Research Institute for Sustainable Development of France (IRD),436,https://en.ird.fr/our-identity,FR,National Research Institute for Sustainable Development of France (IRD)
National Center for Scientific Research (CNRS),463,https://www.cnrs.fr/fr,FR,National Center for Scientific Research (CNRS)
Collecte Localisation Satellites (CLS),477,https://www.cls.fr/,FR,The French Space Agency (CNES)
IMT Mines Albi-Carmaux,481,https://www.imt-mines-albi.fr/,FR,Institut Mines-Télécom (IMT)
Bureau of Geological and Mining Research (BRGM),508,https://www.brgm.fr/,FR,Bureau of Geological and Mining Research (BRGM)
National Center for Scientific Research (CNRS),524,https://www.cnrs.fr/fr,FR,National Center for Scientific Research (CNRS)
French Alternative Energies and Atomic Energy Commission (CEA),543,https://www.cea.fr/english/Pages/Welcome.aspx,FR,French Alternative Energies and Atomic Energy Commission (CEA)
European Space Agency (ESA),547,https://www.esa.int,FR,European Space Agency (ESA)
Collecte Localisation Satellites (CLS),552,https://www.cls.fr/,FR,The French Space Agency (CNES)
Satellite Localization Collection (CLS),559,https://www.cls.fr/,FR,National Centre for Space Studies (CNES)
National Center for Scientific Research (CNRS),565,https://www.cnrs.fr/fr,FR,National Center for Scientific Research (CNRS)
National Research Institute for Sustainable Development of France (IRD),566,https://en.ird.fr/our-identity,FR,National Research Institute for Sustainable Development of France (IRD)
European Marine Biological Resource Centre,568,https://www.embrc.eu/,FR,European Union
Euro-Argo ERIC,570,https://www.euro-argo.eu/,FR,European Union
Neovia Innovation,577,https://neovia-innovation.eu/en/home,FR,Neovia Innovation
Geomatys,581,https://www.geomatys.com/en/,FR,Geomatys
Pokapoka,582,https://www.pokapok.org/,FR,Pokapoka
University of Clermont Auvergne (UCA),583,https://www.uca.fr/,FR,University of Clermont Auvergne (UCA)
Centre for Agricultural Research for Developmen (CIRAD),596,https://www.cirad.fr/,FR,Centre for Agricultural Research for Developmen (CIRAD)
National Institute for Research in Digital Science and Technology (INRIA),600,https://www.inria.fr/,FR,National Institute for Research in Digital Science and Technology (INRIA)
Météo France,632,https://meteofrance.com/,FR,Météo France
"Centre for Documentation, Research and Experimentation on Accidental Water Pollution (CEDRE)",659,https://cedre.fr/,FR,"Centre for Documentation, Research and Experimentation on Accidental Water Pollution (CEDRE)"
Institut Mines-Télécom (IMT),664,https://www.imt.fr/,FR,Institut Mines-Télécom (IMT)
Bureau of Geological and Mining Research (BRGM),726,https://www.brgm.fr/,FR,Government of France
City of Nice,736,https://www.nicecotedazur.org/,FR,City of Nice 
Center for Insular Research and Environmental Observatory (CRIOBE),738,https://www.criobe.pf/en/home/,FR,Center for Insular Research and Environmental Observatory (CRIOBE)
USR 3278 Services and Research Unit at CRIOBE,739,https://www.criobe.pf/en/about-criobe/,FR,Center for Insular Research and Environmental Observatory (CRIOBE)
PSL University,740,https://psl.eu/,FR,PSL University
MIO (Mediterranean Institute of Oceanology),741,https://www.mio.osupytheas.fr/en/,FR,MIO (Mediterranean Institute of Oceanology)
LIENSs Institute for Environment and Society,742,https://lienss.univ-larochelle.fr/Institut-du-Littoral-et-de-l-Environnement-ILE,FR,University of La Rochelle
National Center for Scientific Research (CNRS),760,https://www.cnrs.fr/fr,FR,National Center for Scientific Research (CNRS)
Mercator Ocean International (MOI),761,https://www.mercator-ocean.eu/,FR,Mercator Ocean International (MOI)
Nucleus for European Modelling of the Ocean (NEMO),769,https://www.nemo-ocean.eu/,FR,European Union
Copernicus Marine Service (CMEMS),781,https://marine.copernicus.eu/,FR,European Union
National Center for Scientific Research (CNRS),787,https://www.cnrs.fr/fr,FR,National Center for Scientific Research (CNRS)
National Research Institute for Sustainable Development of France (IRD),788,https://en.ird.fr/our-identity,FR,National Research Institute for Sustainable Development of France (IRD)
Naval Hydrographic and Oceanographic Service of France (SHOM),789,https://www.shom.fr/fr,FR,Naval Hydrographic and Oceanographic Service of France (SHOM)
"Centre for Studies and Expertise on Risks, the Environment, Mobility and Urban Planning (CEREMA)",790,https://www.cerema.fr/,FR,"Centre for Studies and Expertise on Risks, the Environment, Mobility and Urban Planning (CEREMA)"
City of Saint-Malo,797,https://www.stmalo-agglomeration.fr/,FR,City of Saint-Malo
ENTROPIE,799,https://umr-entropie.ird.nc/,FR,ENTROPIE
Space for Climate Observatory of France (SCO),848,https://www.spaceclimateobservatory.org/,FR,Space for Climate Observatory of France (SCO)
Satellite Localization Collection (CLS),849,https://www.cls.fr/,FR,CNES
Copernicus Marine Service (CMEMS),850,https://marine.copernicus.eu/,FR,European Union
Datlas Ocean,851,https://www.datlas.fr/,FR,Datlas Ocean
IMT Atlantique,852,https://www.imt-atlantique.fr/en,FR,Institut Mines-Télécom (IMT)
Aquitaine Observatory of Universe Sciences,856,https://oasu.fr/,FR,Aquitaine Observatory of Universe Sciences
University of the Littoral Opal Coast,857,https://www.univ-littoral.fr/,FR,University of the Littoral Opal Coast
University of Caen,858,https://www.unicaen.fr/,FR,University of Caen
European Institute for Marine Studies (IUEM),859,https://www-iuem.univ-brest.fr/?lang=en,FR,University of Western Brittany (UBO)
La Rochelle University,860,https://www.univ-larochelle.fr/,FR,La Rochelle University
University of Montpellier,861,https://www.umontpellier.fr/,FR,University of Montpellier
Aix-Marseille University,862,https://www.univ-amu.fr/en,FR,Aix-Marseille University
National Museum of Natural History,863,https://www.mnhn.fr/fr,FR,National Museum of Natural History of France
National Institute of Geographic and Forest Information (IGN),864,https://www.ign.fr/institut,FR,National Institute of Geographic and Forest Information (IGN)
La Rochelle University,865,https://www.univ-larochelle.fr/,FR,La Rochelle University
University of Toulouse,866,https://en.univ-toulouse.fr/,FR,University of Toulouse
Eurisy,885,https://www.eurisy.eu/,FR,Eurisy
ALSEAMAR,892,https://www.alseamar-alcen.com/,FR,ALSEAMAR
Greenov-Ites,898,https://greenov.green/,FR,Greenov-Ites
Mercator Ocean International (MOI),908,https://www.mercator-ocean.eu/,FR,Mercator Ocean International (MOI)
UN Environment World Conservation Monitoring Centre (WCMC),45,https://www.unep-wcmc.org/,GB,UN Environment World Conservation Monitoring Centre (WCMC)
Blue Lobster,55,https://bluelobster.co.uk/,GB,Blue Lobster IT Ltd
OSPAR Commission,84,https://www.ospar.org/,GB,OSPAR Commission
British Oceanographic Data Centre (BODC),117,https://www.bodc.ac.uk/,GB,National Oceanography Centre (NOC)
BMT,127,https://www.bmt.org/,GB,BMT
Natural England,132,https://www.gov.uk/government/organisations/natural-england,GB,Natural England
Essex & Suffolk Water,133,https://www.eswater.co.uk/,GB,Northumbrian Water Group
Our Rainwater,134,https://ourrainwater.com/,GB,Our Rainwater
Nesta,135,https://www.nesta.org.uk/,GB,Nesta
Castle Point Borough Council,136,https://www.castlepoint.gov.uk/,GB,Government of England
District of Rochford,138,https://www.rochford.gov.uk/,GB,District of Rochford
AmbioTEK CIC ,139,https://ambiotek.policysupport.org/,GB,AmbioTEK CIC 
Exo Engineering,140,https://www.exo-engineering.co.uk/,GB,Exo Engineering
University of Essex,141,https://www.essex.ac.uk/,GB,University of Essex
King's College London (KCL),142,https://www.kcl.ac.uk/,GB,King's College London (KCL)
UK Environment Agency,143,https://www.gov.uk/government/organisations/environment-agency,GB,UK Environment Agency
Essex Wildlife Trust,144,https://www.essexwt.org.uk/,GB,Essex Wildlife Trust
Anglian Water,145,https://www.anglianwater.co.uk/,GB,Anglian Water
Borough of Thurrock,146,https://www.thurrock.gov.uk/,GB,Borough of Thurrock
City of Southend-on-Sea,147,https://www.southend.gov.uk/,GB,City of Southend-on-Sea
Fugro,177,https://www.fugro.com/,GB,Fugro
National Oceanography Centre of UK,193,https://noc.ac.uk/,GB,National Oceanography Centre of UK
University of Edinburgh,221,https://www.ed.ac.uk/,GB,University of Edinburgh
European Centre for Medium-Range Weather Forecasts (ECMWF),374,https://www.ecmwf.int/,GB,European Centre for Medium-Range Weather Forecasts (ECMWF)
Earthwave,387,https://earthwave.co.uk/,GB,Earthwave
Lancaster University,388,https://www.lancaster.ac.uk/,GB,Lancaster University
UK Research and Innovation (UKRI),418,https://www.ukri.org/,GB,UK Research and Innovation (UKRI)
"Centre for Environment, Fisheries and Aquaculture Science (CEFAS)",425,https://www.cefas.co.uk/,GB,"Centre for Environment, Fisheries and Aquaculture Science (CEFAS)"
Scottish Association for Marine Science (SAMS),427,https://www.sams.ac.uk/,GB,Scottish Association for Marine Science (SAMS)
Natural England,443,https://www.gov.uk/government/organisations/natural-england,GB,Natural England
Blue Lobster,465,https://bluelobster.co.uk/,GB,Blue Lobster IT Ltd
F6S,488,https://www.f6s.com/,GB,F6S
Met Office of UK,603,https://www.metoffice.gov.uk/,GB,Met Office of UK
ARGANS,607,https://argans.co.uk/#gsc.tab=0,GB,ARGANS
Missing Salmon Alliance,641,https://www.missingsalmonalliance.org/,GB,Missing Salmon Alliance
UK Health Security Agency,665,https://www.gov.uk/government/organisations/uk-health-security-agency,GB,UK Health Security Agency
"The Secretary Of State For Environment, Food And Rural Affairs",687,https://www.gov.uk/government/ministers/secretary-of-state-for-environment-food-and-rural-affairs,GB,Government of England
University Of East Anglia ,688,https://www.uea.ac.uk/,GB,University Of East Anglia 
Institute of Estuarine and Coastal Studies (IECS),689,https://www.iecs.ltd/#our-services,GB,Institute of Estuarine and Coastal Studies (IECS)
Oxford Robotics Institute (ORI),690,https://ori.ox.ac.uk/,GB,University of Oxford
Imperial College London,707,https://www.imperial.ac.uk/,GB,Imperial College London
UN Environment Programme World Conservation Monitoring Centre (UNEP-WCMC),718,https://www.unep-wcmc.org/,GB,United Nations
University of Strathclyde,724,https://www.strath.ac.uk/,GB,University of Strathclyde
University College London,728,https://www.ucl.ac.uk/,GB,University College London
Anglia Ruskin University (ARU),729,https://www.aru.ac.uk/,GB,Anglia Ruskin University (ARU)
Essex County Council,735,https://www.essex.gov.uk/,GB,Government of England
Carbon Disclosure Project (CDP),751,https://www.cdp.net/en,GB,Carbon Disclosure Project (CDP)
Met Office of UK,762,https://www.metoffice.gov.uk/,GB,Met Office of UK
Natural Environment Research Council (NERC),763,https://www.ukri.org/councils/nerc/,GB,Natural Environment Research Council (NERC)
Scottish Association for Marine Science,814,https://www.sams.ac.uk/,GB,Scottish Association for Marine Science
University of Birmingham,942,https://www.birmingham.ac.uk/,GB,University of Birmingham
University of Ghana,230,https://www.ug.edu.gh/,GH,University of Ghana
Institute of Environment and Sanitation Studies (IESS),658,https://iess.ug.edu.gh/,GH,University of Ghana
ASIAQ Greenland Survey,392,https://www.asiaq.gl/en/,GL,ASIAQ Greenland Survey
Clera.One,17,https://www.clera.one,GR,Clera.One
"Marine Innovation, Depollution & Services",26,https://minds-env.eu/,GR,Hellenic Centre for Marine Research
Hellenic Centre for Marine Research (HCMR),43,https://www.hcmr.gr/en/,GR,Hellenic Centre for Marine Research (HCMR)
Hellenic Agricultural Organization-Demeter (HAO-DEMETER),44,http://www.nagref.gr/,GR,Hellenic Agricultural Organization-Demeter (HAO-DEMETER)
Forth Institute of Computer Science,98,https://www.ics.forth.gr/,GR,Foundation for Research and Technology – Hellas (FORTH) 
Hellenic Centre for Marine Research (HCMR),99,https://www.hcmr.gr/en/,GR,Hellenic Centre for Marine Research (HCMR)
Aristotle University of Thessaloniki,208,https://www.auth.gr/en/homepage/,GR,Aristotle University of Thessaloniki
National and Kapodistrian University of Athens,222,https://en.uoa.gr/,GR,National and Kapodistrian University of Athens
Hellenic Centre for Marine Research (HCMR),248,https://www.hcmr.gr/en/,GR,Hellenic Centre for Marine Research (HCMR)
The International Centre for Research on the Environment and the Economy (ICRE8),254,https://www.icre8.eu/,GR,The International Centre for Research on the Environment and the Economy (ICRE8)
Costa Navarino TEMES,265,https://www.costanavarino.com/,GR,Costa Navarino TEMES
Capitan Vassilis & Carmen Konstantakopoulos Foundation (CVF),266,https://www.cvf.gr/,GR,Capitan Vassilis & Carmen Konstantakopoulos Foundation (CVF)
Messinia Development Agency,267,https://www.anmess.gr/,GR,Messinia Development Agency
Foundation for Research and Technology – Hellas (FORTH),275,https://crl.iacm.forth.gr/en/,GR,Foundation for Research and Technology – Hellas (FORTH)
Aristotle University of Thessaloniki,421,https://www.auth.gr/en/homepage/,GR,Aristotle University of Thessaloniki
Democritus University of Thrace (DUTH),456,https://duth.gr/en/home-english/,GR,Democritus University of Thrace (DUTH)
Aenaos Thalassa,472,https://www.aenaosthalassa.com/en/vision,GR,Aenaos Thalassa
Learnworlds Greece,474,https://www.learnworlds.com/about/,GR,Learnworlds
Foundation for Research and Technology – Hellas (FORTH),491,https://crl.iacm.forth.gr/en/,GR,Foundation for Research and Technology – Hellas (FORTH)
Hellenic Centre for Marine Research (HCMR),494,https://www.hcmr.gr/en/,GR,Hellenic Centre for Marine Research (HCMR)
Hellenic Survey of Geology and Mineral Exploration (HSGME),514,https://eagme.gr/,GR,Hellenic Survey of Geology and Mineral Exploration (HSGME)
National Infrastructures for Research and Technology (GRNET),529,https://grnet.gr/,GR,National Infrastructures for Research and Technology (GRNET)
University of the Aegean,557,http://www1.aegean.gr/international/,GR,University of the Aegean
Planetek Hellas (PKH),558,https://www.planetek.gr/,GR,Planetek Group
Harokopio University,601,https://www.hua.gr/,GR,Harokopio University
AVRAMAR ,608,https://avramar.eu/,GR,AVRAMAR 
Technical University of Crete,621,https://www.geoenv.tuc.gr/en/home,GR,Technical University of Crete
Hellenic Centre for Marine Research (HCMR),682,https://www.hcmr.gr/en/,GR,Hellenic Centre for Marine Research (HCMR)
National Technical University of Athens (NTUA),711,https://www.ntua.gr/en/,GR,National Technical University of Athens (NTUA)
"University of the Aegean, Lesvos",714,http://www1.aegean.gr/international/,GR,"University of the Aegean, Lesvos"
Geosystems Hellas (GSH),745,https://geosystems-hellas.gr/,GR,Geosystems Hellas (GSH)
Institute of Communication and Computer Systems (ICCS),750,https://www.iccs.gr/mission-and-vision/,GR,National Technical University of Athens (NTUA)
Web to Climate (WTOC),754,https://www.wtoc.eu/,GR,Web to Climate (WTOC)
Drakopoulos Law,756,https://drakopoulos-law.com/,GR,Drakopoulos Law
Democritus University of Thrace (DUTH),785,https://duth.gr/en/home-english/,GR,Democritus University of Thrace (DUTH)
Institute of Communication and Computer Systems (ICCS),874,https://www.iccs.gr/mission-and-vision/,GR,National Technical University of Athens (NTUA)
National Technical University of Athens (NTUA),878,https://www.ntua.gr/en/,GR,National Technical University of Athens (NTUA)
Ephorate of Antiquities of Cyclades,886,https://www.culture.gov.gr/en/ministry/SitePages/viewyphresia.aspx?iID=1704,GR,Ministry of Culture
Hellenic Republic Ministry of Culture and Sports,915,https://www.culture.gov.gr/,GR,Government of Greece
Geosystems Hellas (GSH),918,https://geosystems-hellas.gr/,GR,Geosystems Hellas (GSH)
Aristotle University of Thessaloniki,926,https://www.auth.gr/en/homepage/,GR,Aristotle University of Thessaloniki
Engineering Materials for Construction (EM4C),928,https://em4c.gr/en/,GR,Engineering Materials for Construction (EM4C)
NanoPhos,929,https://nanophos.com/en/,GR,NanoPhos
National Observatory of Athens,939,https://www.noa.gr/en/,GR,National Observatory of Athens
Bio-Mi,15,https://bio-mi.eu/,HR,Bio-Mi
Ruđer Bošković Institute (RBI),158,https://www.irb.hr/eng/,HR,Ruđer Bošković Institute (RBI)
Geological Survey of Croatia (HGI),511,http://www.hgi-cgs.hr/,HR,Geological Survey of Croatia (HGI)
Geonardo Environmental Technologies,255,https://geonardo.com/privacy-policy,HU,Geonardo Environmental Technologies
Fjordstrong,504,https://fjordstrong.com/,IE,Queen's University Belfast
Marine Institute (MI),575,https://www.marine.ie/,IE,Marine Institute (MI)
Bantry Marine Research Station Ltd (BMRS),609,https://www.bmrs.ie/,IE,Bantry Marine Research Station Ltd (BMRS)
University College Dublin,674,https://www.ucd.ie/,IE,National University of Ireland
Marine Institute (MI),901,https://www.marine.ie/,IE,Marine Institute (MI)
University of Limerick,904,https://www.ul.ie/,IE,University of Limerick
University College Cork,906,https://www.ucc.ie/,IE,National University of Ireland
"Kinneret Limnological Laboratory, Israel Oceanographic and Limnological Research",441,http://www.naf-iolr.org,IL,National Institute of Oceanography of Israel
Israel Oceanographic and Limnological Research Institute (IOLR) ,460,https://israelmaritime.org/?p=845,IL,Israel Oceanographic and Limnological Research Institute (IOLR)
Society for the Protection of Nature in Israel (SPNI),469,https://natureisrael.org/,IL,Society for the Protection of Nature in Israel (SPNI)
AGORA,475,https://www.agora.co.il,IL,AGORA
Interteam Content Service,476,https://interteam.co.il/,IL,Interteam Content Service
Totem Plus,590,https://www.totem-plus.com/,IL,Totem Plus
University of Haifa,629,https://www.haifa.ac.il/?lang=en,IL,University of Haifa
National Centre for Coastal Research of India (NCCR),182,https://www.nccr.gov.in,IN,National Centre for Coastal Research of India (NCCR)
Indian Institute of Science (IISC),204,https://iisc.ac.in/,IN,Indian Institute of Science (IISC)
Untamed Planet,699,https://untamedplanet.in/,IN,Untamed Planet
Icelandic Meteorological Office (IMO),150,https://en.vedur.is/,IS,Icelandic Meteorological Office (IMO)
Icelandic Meteorological Office (IMO),409,https://en.vedur.is/,IS,Icelandic Meteorological Office (IMO)
University of Iceland,730,https://www.hi.is/,IS,University of Iceland
Austurbru Municipality,737,https://austurbru.is/,IS,Government of Iceland
University of Iceland,842,https://www.hi.is/,IS,University of Iceland
ARCHA,14,https://www.archa.it/en/who-we-are/,IT,ARCHA
National Research Council of Italy (CNR),19,https://www.cnr.it/en,IT,National Research Council of Italy (CNR)
Grein SpA,23,https://www.grein.it/index-en.html,IT,Grein SpA
Infordata,24,https://www.infordata.net/,IT,Infordata
MOLD,27,https://mold.it,IT,MOLD
Polytechnic University of Marche (UNIVPM),39,https://www.univpm.it/Entra/Universita_Politecnica_delle_Marche_Home/L/1,IT,Polytechnic University of Marche (UNIVPM)
Zoologic Station Anton Dohrn (SZN),40,http://www.szn.it/index.php/en/,IT,Zoologic Station Anton Dohrn (SZN)
EcoReach,46,http://www.ecoreach.it/,IT,EcoReach
Centre for Maritime Research and Experimentation of North Atlantic Treaty Organization (CMRE),51,https://www.cmre.nato.int/,IT,North Atlantic Treaty Organization (NATO)
COISPA Tecnologia & Ricerca,87,https://www.coispa.it/en/homepage/,IT,COISPA Foundation
National Research Council of Italy (CNR),96,https://www.cnr.it/en,IT,National Research Council of Italy (CNR)
Trust-iT Services,97,https://trust-itservices.com/,IT,Trust-iT Services
National Institute of Oceanography and Applied Geophysics of Italy (OGS),103,https://www.ogs.it/en,IT,National Institute of Oceanography and Applied Geophysics of Italy (OGS)
National Institute of Geophysics and Volcanology (INGV),121,https://www.ingv.it/,IT,National Institute of Geophysics and Volcanology (INGV)
The European Multidisciplinary Seafloor and Water Column Observatory,125,https://emso.eu/,IT,European Research Infrastructure Consortium
ETT Solutions,126,https://ettsolutions.com/en/,IT,ETT Group
University Consortium (CINECA),152,https://www.cineca.it/,IT,University Consortium (CINECA)
E4 Analytics,161,https://www.e4company.com/ai-factory/,IT,E4 Analytics
ETT Solutions,175,https://ettsolutions.com/en/,IT,ETT Group
Euro-Mediterranean Center on Climate Change (CMCC),194,https://www.cmcc.it/,IT,Euro-Mediterranean Center on Climate Change (CMCC)
University of Calabria (UNICAL),197,https://www.unical.it/,IT,University of Calabria (UNICAL)
Euro-Mediterranean Center on Climate Change (CMCC),198,https://www.cmcc.it/,IT,Euro-Mediterranean Center on Climate Change (CMCC)
Institute of Marine Sciences (ISMAR),219,https://www.ricercamarina.cnr.it/en/ismar.php,IT,National Research Council of Italy (CNR)
University of Tuscia,229,https://www.unitus.it/en/,IT,University of Tuscia
National Institute of Oceanography and Applied Geophysics of Italy (OGS),234,https://www.ogs.it/en,IT,National Institute of Oceanography and Applied Geophysics of Italy (OGS)
WWF Mediterranean,235,https://www.wwfmmi.org/,IT,WWF Mediterranean
University of Palermo,245,https://www.unipa.it/,IT,University of Palermo
Euro-Mediterranean Center on Climate Change (CMCC),356,https://www.cmcc.it/,IT,Euro-Mediterranean Center on Climate Change (CMCC)
Old Harbour of Genova,358,https://portoantico.it/,IT,City of Genova
BF Partners,359,https://www.bfpartners.it/,IT,BF Partners
ETT Solutions,360,https://ettsolutions.com/en/,IT,ETT Group
Circle Garage,361,https://circlegarage.com/,IT,Circle Garage
Netalia,362,https://www.netalia.it/,IT,Netalia
Aitrust,363,https://www.aitrust.it/en/,IT,Aitrust
Machine Learning Genoa Center (MalGa),364,https://malga.unige.it/,IT,University of Genoa
Icons,376,https://www.icons.it/,IT,Icons
Europlastic SRL,399,https://www.europlasticsrl.com/,IT,Europlastic SRL
European Plate Observing System (EPOS),405,https://www.epos-eu.org/,IT,European Union
National Institute of Geophysics and Volcanology (INGV),410,https://www.ingv.it/,IT,National Institute of Geophysics and Volcanology (INGV)
National Institute of Oceanography and Applied Geophysics of Italy (OGS),437,https://www.ogs.it/en,IT,National Institute of Oceanography and Applied Geophysics of Italy (OGS)
National Research Council of Italy (CNR),468,https://www.cnr.it/en,IT,National Research Council of Italy (CNR)
Bologna University,483,https://www.unibo.it/it,IT,Bologna University
ETT Solutions,492,https://ettsolutions.com/en/,IT,ETT Group
One Ocean Foundation,501,https://www.1ocean.org/,IT,One Ocean Foundation
Federazione Italiana Parchi e Riserve Naturali (Federparchi),503,https://www.federparchi.it/index.php,IT,Europarc Federation
National Research Council for Agriculture and Economics of Italy (CREA),520,https://www.crea.gov.it/en/home,IT,National Research Council for Agriculture and Economics of Italy (CREA)
National Research Council of Italy (CNR),522,https://www.cnr.it/en,IT,National Research Council of Italy (CNR)
National Institute of Geophysics and Volcanology of Italy (INGV),530,https://www.ingv.it/en/,IT,National Institute of Geophysics and Volcanology of Italy (INGV)
E-Science European Infrastructure For Biodiversity And Ecosystem Research (ERIC),531,https://www.lifewatch.eu/,IT,European Union
The European Multidisciplinary Seafloor and Water Column Observatory,541,https://emso.eu/,IT,European Research Infrastructure Consortium
Euro-Mediterranean Center on Climate Change (CMCC),551,https://www.cmcc.it/,IT,CMCC
Bologna University,553,https://www.unibo.it/it,IT,Bologna University
National Research Council of Italy (CNR),554,https://www.cnr.it/en,IT,National Research Council of Italy (CNR)
Scuola Universitaria Superiore of Pavia (IUSS),555,https://www.iusspavia.it/en/education/discover-iuss,IT,Scuola Universitaria Superiore of Pavia (IUSS)
Consorzio Futuro in Ricerca (CFR),556,https://www.cieffeerre.it/,IT,Consorzio Futuro in Ricerca (CFR)
University Consortium (CINECA),569,https://www.cineca.it/,IT,CINECA
National Research Council of Italy (CNR),572,https://www.cnr.it/en,IT,National Research Council of Italy (CNR)
National Institute of Geophysics and Volcanology (INGV),573,https://www.ingv.it/,IT,National Institute of Geophysics and Volcanology (INGV)
Trust-iT Services,578,https://trust-itservices.com/,IT,Trust-iT Services
Zoological Station Anton Dohrn (SZN),579,https://www.szn.it/index.php/en/,IT,Zoological Station Anton Dohrn (SZN)
University of Naples Federico II (UNINA),580,https://www.international.unina.it/,IT,University of Naples Federico II (UNINA)
Euro-Mediterranean Center on Climate Change (CMCC),597,https://www.cmcc.it/,IT,Euro-Mediterranean Center on Climate Change (CMCC)
University of Parma,622,https://www.unipr.it/en,IT,University of Parma
E-Science European Infrastructure For Biodiversity And Ecosystem Research (ERIC),667,https://www.lifewatch.eu/,IT,European Union
National Research Council of Italy (CNR),673,https://www.cnr.it/en,IT,National Research Council of Italy (CNR)
University of Trento,680,https://www.unitn.it/,IT,University of Trento
Zoological Station Anton Dohrn (SZN),705,https://www.szn.it/index.php/en/,IT,Zoological Station Anton Dohrn (SZN)
Institute of Marine Sciences (ISMAR),708,https://www.ricercamarina.cnr.it/en/ismar.php,IT,National Research Council of Italy (CNR)
Institute of Polar Sciences (ISP),712,https://www.isp.cnr.it/index.php/en/,IT,National Research Council of Italy (CNR)
Institute of Marine Sciences (ISMAR),713,https://www.ricercamarina.cnr.it/en/ismar.php,IT,National Research Council of Italy (CNR)
Eucentre Foundation,727,https://www.eucentre.it/,IT,Eucentre Foundation
R2M Solution,731,https://www.r2msolution.com/,IT,R2M Solution
RINA Consulting,732,https://www.rina.org/,IT,RINA Consulting
Scuola Universitaria Superiore of Pavia (IUSS),733,https://www.iusspavia.it/en/education/discover-iuss,IT,Scuola Universitaria Superiore of Pavia (IUSS)
Euro-Mediterranean Center on Climate Change (CMCC),807,https://www.cmcc.it/,IT,Euro-Mediterranean Center on Climate Change (CMCC)
Consortium for the Coordination of Research on the Venice Lagoon System (CORILA),812,https://www.corila.it/en/,IT,Consortium for the Coordination of Research on the Venice Lagoon System (CORILA)
Euro-Mediterranean Center on Climate Change (CMCC),813,https://www.cmcc.it/,IT,Euro-Mediterranean Center on Climate Change (CMCC)
Ministry of Infrastructure and Transport,829,https://www.mit.gov.it/,IT,Ministry of Infrastructure and Transport
EdgeLab,875,https://www.edgelab.eu/,IT,EdgeLab
University of Padova (UNIPD),877,https://www.unipd.it/,IT,University of Padova (UNIPD)
International Association of Technical and Nitrox Divers (IANTD),884,https://iantd.com/,IT,International Association of Technical and Nitrox Divers (IANTD)
Marina Diving Corrado Ambrosi (MDCA),888,https://marinadiving.com/it/,IT,Marina Diving Corrado Ambrosi (MDCA)
The European Multidisciplinary Seafloor and Water Column Observatory,896,https://emso.eu/,IT,European Research Infrastructure Consortium
Wsense,907,https://wsense.it/,IT,Sapienza University
Province of Frosinone and Latina,916,https://sabapfrlt.cultura.gov.it/,IT,Province of Frosinone and Latina
Research Centre for Geological Risk (CERI),920,http://www.ceri.uniroma1.it/,IT,Sapienza University of Rome
University of Trento,959,https://www.unitn.it/,IT,University of Trento
Sant'Anna School of Advanced Studies,964,https://www.santannapisa.it/,IT,Sant'Anna School of Advanced Studies
The European Multidisciplinary Seafloor and Water Column Observatory,968,https://emso.eu/,IT,European Research Infrastructure Consortium
Digital Jersey Limited,365,https://www.digital.je/,JE,Digital Jersey Limited
Japan Meteorological Agency,209,https://www.jma.go.jp/jma/indexe.html,JP,Japan Meteorological Agency
RIKEN Innovation,210,https://www.riken.jp/,JP,RIKEN Innovation
Hokkaido University,244,https://www.global.hokudai.ac.jp/,JP,Hokkaido University
United Nations University,281,https://unu.edu/,JP,United Nations 
Tokyo University of Marine Science and Technology,448,https://www.kaiyodai.ac.jp/en/,JP,Tokyo University of Marine Science and Technology
Japan Ship Technology Research Association (JSTRA),798,https://www.jstra.jp/en/,JP,Japan Ship Technology Research Association (JSTRA)
Center for International Forestry Research and World Agroforestry (CIFOR-ICRAF),784,https://www.cifor-icraf.org/,KE,Consultative Group on International Agricultural Research (CGIAR)
Ministry of Fisheries and Marine Resources Development of Kiribati,324,https://www.mfor.gov.ki/,KI,Government of Kiribati
"Marine Research Institute, Klaipėda University (KU)",442,https://jti.ku.lt/en/,LT,Klaipėda University (KU)
Klaipėda University,670,https://www.ku.lt/,LT,Klaipėda University
Metis Baltic,757,https://www.metisbaltic.com/,LT,Metis Baltic
Netcompany-Intrasoft (INTRA),847,https://www.netcompany-intrasoft.com/,LU,Netcompany-Intrasoft (INTRA)
Latvian Institute of Aquatic Ecology (LIAE),67,https://lhei.lv/en/,LV,Latvian Institute of Aquatic Ecology (LIAE)
University Chouaib Doukkali (UCD),49,http://www.ucd.ac.ma/en/,MA,University Chouaib Doukkali (UCD)
Cadi Ayyad University,423,https://www.uca.ma/en,MA,Cadi Ayyad University
University Mohammed Premier,822,https://www.ump.ma/,MA,University Mohammed Premier
National Center for Scientific and Technical Research (CNRST),940,https://www.cnrst.ma/,MA,University of Rabat
Geological Survey of Montenegro (GeoZAVOD),512,https://geozavod.co.me/,ME,Geological Survey of Montenegro (GeoZAVOD)
Nova Blue Environment,684,https://www.novablue-environment.org/,MQ,Nova Blue Environment 
University of Malta,66,https://www.um.edu.mt/,MT,University of Malta
University of Malta,470,https://www.um.edu.mt/,MT,University of Malta
Maldives Space Research Organisation (MSRO),300,https://msro.mv/,MV,Maldives Space Research Organisation (MSRO)
Ensenada Center for Scientific Research and Advanced Studies (CICESE),50,https://www.cicese.edu.mx/,MX,Ensenada Center for Scientific Research and Advanced Studies (CICESE)
Interdisciplinary Center for Marine Sciences (CICIMAR),357,https://www.cicimar.ipn.mx/,MX,Interdisciplinary Center for Marine Sciences (CICIMAR)
Interdisciplinary Center for Marine Sciences (CICIMAR),426,https://www.cicimar.ipn.mx/,MX,Interdisciplinary Center for Marine Sciences (CICIMAR)
Universiti Sains Malaysia,233,https://www.usm.my/,MY,Universiti Sains Malaysia
University Save,820,https://unisave.ac.mz/,MZ,University Save
Pacific Commuty Center for Ocean Science (PCCOS),223,https://pccos.spc.int/,NC,The Pacific Community (SPC)
"South Pacific integrated observatory for the environment, terrestrial and marine biodiversity (GOPS)",337,https://oeil.nc/cdrn/index.php/acteur/view/83,NC,"South Pacific integrated observatory for the environment, terrestrial and marine biodiversity (GOPS)"
The Pacific Community,801,https://www.spc.int/,NC,The Pacific Community
FishFlow Innovations,21,https://fishflow.nl/en/,NL,FishFlow Innovations
Noria,28,https://www.noria.earth/,NL,Noria
Wageningen University & Research,34,https://www.wur.nl/,NL,Wageningen University
Royal Netherlands Meteorological Institute (KNMI),100,https://www.knmi.nl/,NL,Royal Netherlands Meteorological Institute (KNMI)
University of Amsterdam,105,https://www.uva.nl/,NL,University of Amsterdam
European Grid Infrastructure (EGI),122,https://www.egi.eu/,NL,EGI Federation
Hydrorock,137,https://www.hydrorock.com/,NL,Hydrorock
European Grid Infrastructure (EGI),192,https://www.egi.eu/,NL,European Grid Infrastructure (EGI)
Deltares,277,https://www.deltares.nl/,NL,Deltares
Fugro,301,https://www.fugro.com/,NL,Fugro
The Ocean Cleanup,369,https://theoceancleanup.com/,NL,The Ocean Cleanup
Royal Netherlands Meteorological Institute (KNMI),380,https://www.knmi.nl/,NL,Royal Netherlands Meteorological Institute (KNMI)
Breda University of Applied Sciences,478,https://www.buas.nl/,NL,Breda University of Applied Sciences
Deltares,482,https://www.deltares.nl/,NL,Deltares
Impact2Day,505,https://www.impact2day.co/,NL,Impact2Day
Geological Survey of the Netherlands,506,https://www.geologischedienst.nl/,NL,Netherlands Organisation for Applied Scientific Research (TNO)
European Grid Infrastructure (EGI),519,https://www.egi.eu/,NL,European Grid Infrastructure (EGI)
MARIS B.V.,534,https://www.maris.nl/,NL,MARIS
MARIS B.V.,574,https://www.maris.nl/,NL,MARIS
Deltares,604,https://www.deltares.nl/,NL,Deltares
Breda University of Applied Sciences (BUas) ,617,https://www.buas.nl/en,NL,Breda University
Suzlon Energy Dutch Branch,639,https://www.suzlon.com//in-en/suzlon-worldwide/europe,NL,Suzlon Energy
Stichting Hummel Foundation For Sustainable Solutions,669,https://hufoss.nl/,NL,Stichting Hummel Foundation For Sustainable Solutions
Rijkswaterstaat,691,https://www.rijkswaterstaat.nl/,NL,Government of the Netherlands
Deltares,723,https://www.deltares.nl/,NL,Deltares
Delft University of Technology (TU Delft),868,https://www.tudelft.nl/en/,NL,Delft University of Technology (TU Delft)
Technical University of Eindhoven (TU/e),876,https://www.tue.nl/,NL,Technical University of Eindhoven (TU/e)
Mooi Noord-Holland,881,https://mooinoord-holland.nl/,NL,Mooi Noord-Holland
Deltares,895,https://www.deltares.nl/,NL,Deltares
Delft University of Technology (TU Delft),943,https://www.tudelft.nl/en/,NL,Delft University of Technology (TU Delft)
Technical University of Eindhoven (TU/e),944,https://www.tue.nl/,NL,Technical University of Eindhoven (TU/e)
University of Twente (UT),945,https://www.utwente.nl/,NL,University of Twente (UT)
Wageningen University & Research,946,https://www.wur.nl/,NL,Wageningen University
Royal Netherlands Institute for Sea Research (NIOZ),947,https://www.nioz.nl/,NL,Royal Netherlands Institute for Sea Research (NIOZ)
Utrecht University (UU),948,https://www.uu.nl/,NL,Utrecht University (UU)
The Dutch Ministry of Infrastructure and Water Management,949,https://www.government.nl/ministries/ministry-of-infrastructure-and-water-management,NL,Government of the Kingdom of the Netherlands
Haskoning,950,https://www.haskoning.com/,NL,Haskoning
Port of Rotterdam,951,https://www.portofrotterdam.com/en,NL,Port of Rotterdam
Dutch Research Council (NWO),952,https://www.nwo.nl/en,NL,Dutch Research Council (NWO)
Port of Amsterdam,953,https://www.portofamsterdam.com/en,NL,Port of Amsterdam
Norwegian Institute for Water Research (NIVA),69,https://www.niva.no/,NO,Norwegian Institute for Water Research (NIVA)
SINTEF,70,https://www.sintef.no/,NO,SINTEF
Hub Ocean,113,https://www.hubocean.earth/,NO,Hub Ocean
Nansen Environmental and Remote Sensing Center (NERSC),114,https://www.nersc.no/,NO,Nansen Center
SIOS Knowledge Centre,115,https://sios-svalbard.org/KnowledgeCentre,NO,Svalbard Integrated Arctic Earth Observing System (SIOS)
Norwegian Geotechnical Institute (NGI),156,https://www.ngi.no/,NO,Norwegian Geotechnical Institute (NGI)
Institute of Marine Research ,178,https://www.hi.no,NO,Institute of Marine Research
University of Bergen (UiB),187,https://www.uib.no,NO,University of Bergen (UiB)
Nansen Environmental and Remote Sensing Center (NERSC),224,https://www.nersc.no/,NO,Nansen Environmental and Remote Sensing Center (NERSC)
SINTEF,250,https://www.sintef.no/,NO,SINTEF
Norwegian Meteorological Institute,346,https://www.met.no/,NO,Norwegian Meteorological Institute
"Faculty of Biosciences, Fisheries and Economy, The Arctic University of Norway (UIT)",430,https://en.uit.no,NO,The Arctic University of Norway (UIT)
Norwegian Institute for Water Research (NIVA),444,https://www.niva.no/,NO,Norwegian Institute for Water Research (NIVA)
Norwegian Institute for Water Research (NIVA),471,https://www.niva.no/,NO,Norwegian Institute for Water Research (NIVA)
Veracity,484,https://www.veracity.com/,NO,DNV
Norwegian Institute for Air Research (NILU),535,https://nilu.com/,NO,Norwegian Institute for Air Research (NILU)
SINTEF,591,https://www.sintef.no/,NO,SINTEF
Simula,593,https://www.simula.no/,NO,Simula
NorthWind,610,https://www.northwindresearch.no/,NO,NorthWind
Kongsberg,634,https://www.kongsberg.com/,NO,Kongsberg
Akvaplan Niva,668,https://akvaplan.no/en,NO,Akvaplan Niva
Norwegian Institute for Water Research (NIVA),697,https://www.niva.no/,NO,Norwegian Institute for Water Research (NIVA)
NORSAR ,722,https://www.norsar.no/,NO,NORSAR 
OSLO-OSL (Oslo Municipality Emergency Response Agency),734,,NO,Government of Norway
Hub Ocean,780,https://www.hubocean.earth/,NO,Hub Ocean
Norwegian University of Science and Technology (NTNU),786,https://www.ntnu.edu/,NO,Norwegian University of Science and Technology (NTNU)
Norwegian Institute for Cultural Heritage Research (NIKU),879,https://www.niku.no/,NO,Norwegian Institute for Cultural Heritage Research (NIKU)
NORCE,902,https://www.norceresearch.no/,NO,NORCE
Norwegian Geotechnical Institute (NGI),934,https://www.ngi.no/,NO,Norwegian Geotechnical Institute (NGI)
University of Waikato (UW),190,https://www.waikato.ac.nz,NZ,University of Waikato (UW)
MetOcean Solutions,216,https://www.metocean.co.nz/,NZ,Meteorological Service of New Zealand
"University of Victoria, Wellington",331,https://www.wgtn.ac.nz/,NZ,"University of Victoria, Wellington"
Geophysical Institute of Peru (IGP),227,https://www.gob.pe/igp,PE,Geophysical Institute of Peru (IGP)
Geophysics Institute of Peru,239,https://www.gob.pe/en/institucion/igp/institucional,PE,Geophysics Institute of Peru
Scientific University of the South,240,https://www.cientifica.edu.pe/,PE,Scientific University of the South
Peruvian Institute of the Sea (IMARPE),587,https://www.gob.pe/imarpe,PE,Ministry of Production of Peru
Multisectoral Committee for the National Study of the El Niño Phenomenon (ENFEN),867,https://enfen.imarpe.gob.pe/,PE,Ministry of Environment of Peru
National Observation Service (CORAIL),317,https://observatoire.criobe.pf/wiki/tiki-index.php,PF,National Institute of Sciences of the Universe (INSU)
High Commissioner of the Republic of France in French Polynesia,318,https://www.polynesie-francaise.pref.gouv.fr/Services-de-l-Etat/Le-Haut-Commissariat,PF,Government of France
French Polynesia Department of Environment (DIREN),319,https://www.service-public.pf/diren/,PF,French Polynesia Department of Environment (DIREN)
French Polynesia Department of Marine Resources (DRMM),320,https://www.ressources-marines.gov.pf/,PF,French Polynesia Department of Marine Resources (DRMM)
City of Papeete,321,https://www.papeete.pf/,PF,City of Papeete
Moorea-Maiao Municipality,322,https://www.commune-moorea.net/,PF,Moorea-Maiao Municipality
Air Tahiti Nui,332,https://www.airtahiti.com/,PF,Air Tahiti Nui
Aranui Cruises,333,https://www.diamir.de/franzoesisch-polynesien/reise/PYFKRZ?utm_source=google&utm_medium=cpc&utm_campaign=australien_search&utm_content=192157863831&utm_term=aranui%20schiff&gad_source=1,PF,Aranui Cruises
Gambier Pearls,334,https://www.facebook.com/gambierpearls/,PF,Gambier Pearls
Geopolynesia,335,https://www.geopolynesie.com/,PF,Geopolynesia
Tahiti Perles,336,https://aquaculture.spc.int/noticeattachments/35_1271647479.pdf,PF,Institute for Pacific Coral Reefs 
Institute for Pacific Coral Reefs,340,https://www.ephe.psl.eu/institut-des-recifs-coralliens-du-pacifique,PF,PSL University
Te Mana o te Moana,342,https://www.temanaotemoana.org/,PF,Te Mana o te Moana
Group of Study on Marine Mammals (GEMM),343,https://gremm.org/,PF,Groupe d’Étude des Mammifères Marins
National Observatory Service of French Polynesia (CORAIL),795,https://observatoire.criobe.pf/,PF,National Observatory Service of French Polynesia (CORAIL)
French Polynesia Department of Marine Resources (DRMM),802,https://www.ressources-marines.gov.pf/,PF,French Polynesia Department of Marine Resources (DRMM)
Papua New Guinea Conservation and Environment Protection Authority (CEPA),702,https://www.pngcepa.com/,PG,Government of Papua New Guinea
FishBase,431,https://www.fishbase.se/FieldGuide/CountryFieldGuideList.php?requesttimeout=9999&Country=608,PH,FishBase
Quantitative Aquatics ,461,https://www.q-quatics.org/,PH,Quantitative Aquatics 
Institute of Oceanology Polish Academy of Sciences,1,https://www.iopan.gda.pl/,PL,Polish Academy of Sciences
Academic Computer Center of Gdańsk (TASK),2,https://task.gda.pl/en,PL,Gdańsk University of Technology
Satellite Environment Control of Baltic Sea (SatBałtyk),3,https://satbaltyk.iopan.gda.pl/,PL,Satellite Environment Control of Baltic Sea (SatBałtyk)
SoftServe Poland (SSP),375,https://www.softserveinc.com/,PL,SoftServe International
Gdańsk University of Technology,377,https://pg.edu.pl/en,PL,Gdańsk University of Technology
Academic Computer Centre Cyfronet AGH,407,https://www.cyfronet.pl/en,PL,Academic Computer Centre Cyfronet AGH
"Institute of Geophysics, Polish Academy of Sciences (IGPAN)",408,https://www.igf.edu.pl/en/home/,PL,Polish Academy of Sciences 
Maritime Institute - Gdynia Maritime University,585,https://im.umg.edu.pl/,PL,Gdynia Maritime University
Association of Sea Fishermen,586,https://ptryb.pl/,PL,Association of Sea Fishermen
Institute of Oceanology Polish Academy of Sciences,666,https://www.iopan.gda.pl/,PL,Polish Academy of Sciences
Creotech,755,https://creotech.pl/,PL,Creotech
Polish National Institute of Cultural Heritage,922,https://nid.pl/,PL,Polish National Institute of Cultural Heritage
Adam Mickiewicz University Posznan,927,https://amu.edu.pl/,PL,Adam Mickiewicz University Posznan
Pitcairn Natural Resources Division,325,https://www.government.pn/environment,PN,Government of the Pitcairn Islands
Institute for Socio-Ecological Research (ISER Caribe),241,https://www.isercaribe.org/,PR,Institute for Socio-Ecological Research (ISER Caribe)
Interdisciplinar Center of Marine and Environmental Research (CLIMAR),18,https://climar.pt/,PT,Interdisciplinar Center of Marine and Environmental Research (CLIMAR)
Hidromod,74,https://hidromod.com/home-pt-2/,PT,Hidromod
CoLAB +ATLANTIC,79,https://colabatlantic.com/,PT,CoLAB +ATLANTIC
Hydrographic Institute (IH),116,https://www.hidrografico.pt/,PT,Hydrographic Institute (IH)
University of Algarve,231,https://www.ualg.pt/,PT,University of Algarve
National Laboratory for Civil Engineering (LNEC),305,https://www.lnec.pt/,PT,National Laboratory for Civil Engineering (LNEC)
Aquatic Research Network (ARNET),306,https://arnet.pt/en/,PT,Aquatic Research Network (ARNET)
Marine and Environmental Sciences Centre (MARE),307,https://www.mare-centre.pt/en,PT,Marine and Environmental Sciences Centre (MARE)
FCiências.ID,308,https://www.fciencias-id.pt/,PT,University of Lisbon
Faculty of Sciences of University of Lisbon,309,https://ciencias.ulisboa.pt/en,PT,University of Lisbon
University of Algarve,310,https://www.ualg.pt/,PT,University of Algarve
University of Évora,311,https://www.uevora.pt/,PT,University of Évora
Laboratory of Instrumentation and Experimental Particle Physics (LIP),411,https://www.lip.pt/,PT,Laboratory of Instrumentation and Experimental Particle Physics (LIP)
Hidromod,466,https://hidromod.com/home-pt-2/,PT,Hidromod
Laboratory of Instrumentation and Experimental Particle Physics (LIP),532,https://www.lip.pt/,PT,Laboratory of Instrumentation and Experimental Particle Physics (LIP)
Center of Sea Sciences of Algarve,567,https://ccmar.ualg.pt/,PT,University of Algarve
Association of the Higher Technical Institute for Research and Development (IST ID),660,https://ist-id.pt/,PT,Association of the Higher Technical Institute for Research and Development (IST ID)
National Distributed Computing Infrastructure (CNCA Association),792,https://www.incd.pt/,PT,National Distributed Computing Infrastructure (CNCA Association)
Laboratory of Instrumentation and Experimental Particle Physics (LIP),793,https://www.lip.pt/,PT,Laboratory of Instrumentation and Experimental Particle Physics (LIP)
University of Aveiro,816,https://www.ua.pt/,PT,University of Aveiro
Algarve Living Science Centre (CCVAlg),883,https://www.ualg.pt/centro-de-ciencia-viva-do-algarve,PT,University of Algarve
INESC TEC,891,https://www.inesctec.pt/en/institution#about,PT,INESC TEC
"Agência Regional para o Desenvolvimento da Investigação, Tecnologia e Inovação (ARDITI)",893,https://www.arditi.pt/en/about.html,PT,"Agência Regional para o Desenvolvimento da Investigação, Tecnologia e Inovação (ARDITI)"
Center of Technological Research of Algarve (CINTAL),894,https://cintal.ualg.pt/,PT,University of Algarve
Fórum Oceano,897,https://forumoceano.pt/en,PT,Portugal Blue Digital Hub
Portuguese Institute for Sea and Atmosphere (IPMA),899,https://www.ipma.pt/en/oipma/quem/ipma/,PT,Portuguese Institute for Sea and Atmosphere (IPMA)
Portuguese Institute for Sea and Atmosphere (IPMA),935,https://www.ipma.pt/en/oipma/quem/ipma/,PT,Portuguese Institute for Sea and Atmosphere (IPMA)
University of Reunion Island,803,https://www.univ-reunion.fr/,RE,University of Reunion Island
Rumanian Water Association (ARA),13,https://www.ara.ro/,RO,Rumanian Water Association (ARA)
National Institute for Marine Research and Development Grigore Antipa (NIMRD Grigore Antipa),252,https://www.rmri.ro/Home/Products.html,RO,National Institute for Marine Research and Development Grigore Antipa (NIMRD Grigore Antipa)
The Research Institute for Agriculture Economy and Rural Development (ICEADR),253,https://iceadr.ro/,RO,The Research Institute for Agriculture Economy and Rural Development (ICEADR)
Danube Delta Local Action Group Association,263,https://www.galdeltadunarii.ro/,RO,Danube Delta Local Action Group Association
Central Dobrogea Local Action Group (GALDC),264,https://www.galdc.ro/,RO,Central Dobrogea Local Action Group (GALDC)
Research Centre for Spatial Information (UPB-CEOSPaceTech),393,https://upb.ro/,RO,University Politehnica of Bucharest
University of Constanța “Ovidius” (UOC),394,https://admission.univ-ovidius.ro/v2/,RO,University of Constanța “Ovidius” (UOC)
Romanian Space Agency (ROSA),395,https://rosa.ro/,RO,Romanian Space Agency (ROSA)
National Research-Development Institute for Earth Physics of Romania (INCDFP),396,https://magurelesciencepark.ro/en/national-research-development-institute-for-earth-physics/,RO,National Research-Development Institute for Earth Physics of Romania (INCDFP)
Iași University of Life Sciences “Ion Ionescu de la Brad” (IULS),397,https://iuls.ro/en/,RO,Iași University of Life Sciences Ion Ionescu de la Brad (IULS Ion Ionescu de la Brad)
Eau de Web (EDW),398,https://eaudeweb.ro/,RO,Eau de Web (EDW)
Multidimension,400,https://dteclimate.upb.ro/partners/multidimension-srl/,RO,Multidimension
GreenSoft,401,https://www.greensoft.com.ro/,RO,GreenSoft
Investigatii Medicale Praxis,402,https://listafirme.ro/investigatii-medicale-praxis-srl-9550768/,RO,Investigatii Medicale Praxis
National Institute of Marine Geology and Geoecology (GeoEcoMar),515,https://geoecomar.ro/,RO,National Institute of Marine Geology and Geoecology (GeoEcoMar)
The National Institute for Research and Development on Marine Geology and Geo-ecology (GeoEcoMar),675,https://geoecomar.ro/en/,RO,The National Institute for Research and Development on Marine Geology and Geo-ecology of Romania (GeoEcoMar) 
National Institute of Marine Geology and Geoecology (GeoEcoMar),811,https://geoecomar.ro/,RO,National Institute of Marine Geology and Geoecology (GeoEcoMar)
Association WWF Romania,832,https://wwf.ro/,RO,Association WWF Romania
EXIT Foundation,20,https://www.exitfondacija.org/,RS,EXIT Foundation
Zentrix Lab (ZEN),843,https://zentrixlab.com/,RS,Zentrix Lab (ZEN)
Shirshov Institute of Oceanology of the Russian Academy of Sciences (IO RAS),215,https://ocean.ru/en/,RU,Shirshov Institute of Oceanology of the Russian Academy of Sciences (IO RAS)
State Research Center of the Russian Federation,367,https://elektropribor.spb.ru/,RU,State Research Center of the Russian Federation
Shirshov Institute of Oceanology of the Russian Academy of Sciences (IO RAS),872,https://ocean.ru/en/,RU,Shirshov Institute of Oceanology of the Russian Academy of Sciences (IO RAS)
Red Sea Development Company (TRSDC),709,https://www.redseaglobal.com/,SA,Red Sea Development Company (TRSDC)
King Abdullah University of Science and Technology (KAUST),710,https://www.kaust.edu.sa/en/,SA,King Abdullah University of Science and Technology (KAUST)
Royal Institute of Technology (KTH),25,https://www.kth.se/en,SE,Royal Institute of Technology (KTH)
Swedish Meteorological and Hydrological Institute (SMHI),118,https://www.smhi.se/,SE,Swedish Meteorological and Hydrological Institute (SMHI)
Stockholm University,249,https://www.su.se/,SE,Stockholm University
Stockholm Environment Institute (SEI),259,https://www.sei.org/,SE,Stockholm Environment Institute (SEI)
Niras,260,https://www.niras.se/,SE,Niras
Roslagen Campus,261,https://campusroslagen.se/,SE,Roslagen Campus
Global Challenge,274,https://globalutmaning.se/,SE,Global Utmaning
"Department of Aquatic Resources (SLU Aqua), Swedish University of Agricultural Sciences",446,https://www.slu.se/en/about-slu/organisation/departments/aquatic-resources/,SE,Swedish University of Agricultural Sciences
Lund University,533,https://www.lunduniversity.lu.se/home,SE,Lund University
Ericsson,550,https://www.ericsson.com/,SE,Ericsson
University of Uppsala ,696,https://www.uu.se/,SE,University of Uppsala 
Swedish Meteorological and Hydrological Institute (SMHI),766,https://www.smhi.se/,SE,Swedish Meteorological and Hydrological Institute (SMHI)
Stockholm Resilience Centre,841,https://www.stockholmresilience.org/,SE,Stockholm University
Nanyang Technological University (NTU),612,https://www.ntu.edu.sg/,SG,Nanyang Technological University (NTU)
"Agency for Science, Technology and Research of Singapore (A*STAR)",613,https://www.a-star.edu.sg/,SG,"Agency for Science, Technology and Research of Singapore (A*STAR)"
Seatrium (SG),614,https://seatrium.com/,SG,Seatrium (SG)
123 Zero,10,https://123zero.eu/,SI,123 Zero
University of Maribor,31,https://www.um.si/en/home-page/,SI,University of Maribor
Geological Survey of Slovenia (GeoZS),510,https://www.geo-zs.si/,SI,Geological Survey of Slovenia (GeoZS)
University Assane Seck de Ziguinchor,823,https://uasz.sn/,SN,University Assane Seck de Ziguinchor
Asian Institute Of Technology (AIT),11,https://ait.ac.th/,TH,Asian Institute Of Technology (AIT)
Faculty of Sciences of Bizerte (FSB),48,http://www.fsb.rnu.tn,TN,University of Carthage
National Institute of Meteorology,941,https://www.meteo.tn/,TN,National Institute of Meteorology
Ministry of Fisheries Tonga,326,https://www.tongafish.gov.to/,TO,Government of Tonga
"Institute of Marine Sciences, Middle East Technical University (METU)",128,https://ims.metu.edu.tr/,TR,Middle East Technical University (METU)
"Institute of Marine Sciences, Middle East Technical University (METU)",438,https://ims.metu.edu.tr/,TR,Middle East Technical University (METU)
Dokuz Eylül University,516,https://global.deu.edu.tr/,TR,Dokuz Eylül University
Boğaziçi University,624,https://bogazici.edu.tr/,TR,Boğaziçi University
"Turkish Ministry of Environment, Urbanization, and Climate Change (TMEUCC)",890,https://csb.gov.tr/,TR,Government of Turkey
Middle East Technical University (METU),937,https://ims.metu.edu.tr/,TR,Middle East Technical University (METU)
Scientific Hydrophysical Center of the National Academy of Sciences of Ukraine,498,https://old.nas.gov.ua/EN//Org/Pages/SD.aspx?OrgID=0000043,UA,Scientific Hydrophysical Center of the National Academy of Sciences of Ukraine
Odessa National University (ONU),826,https://onu.edu.ua/en/,UA,Odessa National University (ONU)
NMFS Office Of Habitat Conservation (OHC),162,https://www.fisheries.noaa.gov/about/office-habitat-conservation,US,National Oceanic and Atmospheric Administration (NOAA)
Virginia Institute of Marine Science,163,https://www.vims.edu/,US,William & Mary
University of Maryland Center for Environmental Science,164,https://www.umces.edu/,US,University of Maryland
National Oceanic and Atmospheric Administration (NOAA),165,https://www.noaa.gov/,US,National Oceanic and Atmospheric Administration (NOAA)
Rutgers University (RU),185,https://www.rutgers.edu,US,Rutgers University (RU)
Jupiter Intelligence,202,https://www.jupiterintel.com/,US,Jupiter Intelligence
Georgia Institute of Technology (GT),203,https://www.gatech.edu/,US,Georgia Institute of Technology (GT)
SIFT,205,https://sift.com/,US,SIFT
Fugro USA,206,https://www.fugro.com/,US,Fugro
Massachusetts Institute of Technology (MIT),207,https://www.mit.edu/,US,Massachusetts Institute of Technology (MIT)
U.S. Geological Survey,236,https://www.usgs.gov/,US,U.S. Geological Survey
Coral Restoration Consortium (CRC),242,https://www.crc.world/,US,Coral Restoration Consortium (CRC)
The Nature Conservancy,280,https://www.nature.org/en-us/,US,The Nature Conservancy
United States Geological Survey (USGS),282,https://www.usgs.gov/,US,United States Geological Survey (USGS)
The Natural Capital Project,283,https://naturalcapitalalliance.stanford.edu/,US,Stanford University
Association of State Floodplain Managers (ASFPM),284,https://www.floods.org/,US,Association of State Floodplain Managers (ASFPM)
University of California at Santa Cruz,285,https://www.ucsc.edu/,US,University of California
University of Southern Mississippi,286,https://www.usm.edu/,US,University of Southern Mississippi
Global Disaster Preparedness Center (GDPC),289,https://preparecenter.org/,US,International Federation of Red Cross and Red Crescent Societies (IFRC)
National Aeronautics and Space Administration (NASA),290,https://www.nasa.gov/,US,National Aeronautics and Space Administration (NASA)
Los Alamos National Laboratory,303,https://www.lanl.gov/,US,Los Alamos National Laboratory
University of Michigan,304,https://umich.edu/,US,University of Michigan
University of South Florida,313,https://www.usf.edu/,US,University of South Florida
Cornell University,315,https://www.cornell.edu/,US,Cornell University
University of California - Berkeley,328,https://www.berkeley.edu/,US,University of California
University of California - Santa Barbara,329,https://www.ucsb.edu/,US,University of California
University of Florida,330,https://www.ufl.edu/,US,University of Florida
Long Term Ecological Research (LTER) Network,338,https://lternet.edu/,US,Long Term Ecological Research (LTER) Network
National Oceanic and Atmospheric Administration (NOAA),344,https://www.noaa.gov/,US,National Oceanic and Atmospheric Administration (NOAA)
STIMSON Center,345,https://www.stimson.org/,US,STIMSON Center
Louisiana State University,347,https://www.lsu.edu/,US,Louisiana State University
Virginia Institute of Marine Science,348,https://www.vims.edu/,US,William & Mary
Texas A&M University Corpus Christi’,349,https://www.tamucc.edu/,US,Texas A&M University Corpus Christi’
The State University of New Jersey,351,https://www.rutgers.edu/,US,The State University of New Jersey
Rutgers University (RU),352,https://www.rutgers.edu,US,Rutgers University (RU)
University of California at Santa Cruz,353,https://www.ucsc.edu/,US,University of California
University of California at Santa Cruz,354,https://www.ucsc.edu/,US,University of California
National Oceanic and Atmospheric Administration (NOAA) Fisheries,435,https://www.fisheries.noaa.gov/,US,National Oceanic and Atmospheric Administration (NOAA)
Texas A&M University Corpus Christi’,447,https://www.tamucc.edu/,US,Texas A&M University Corpus Christi’
University of South Florida,454,https://www.usf.edu/,US,University of South Florida
Development Seed,592,https://developmentseed.org/,US,Development Seed
Hybrid Coordinate Ocean Model (HYCOM),611,https://www.hycom.org/,US,National Ocean Partnership Program (NOPP)
Texas A&M University College of Architecture,616,https://www.arch.tamu.edu/,US,Texas A&M University Corpus Christi’
The Natural Capital Project,620,https://naturalcapitalalliance.stanford.edu/,US,Stanford University
FAIR Island Project,626,https://fairisland.org/,US,University of California
Californian Digital Library,627,https://cdlib.org/,US,University of California
California Institute of Technology (CalTech),628,https://www.caltech.edu/,US,California Institute of Technology (CalTech)
University of Washington,642,https://www.washington.edu/,US,University of Washington
University of Connecticut,643,https://uconn.edu/,US,University of Connecticut
Florida International University (FIU),644,https://www.fiu.edu/,US,Florida International University (FIU)
Brevard County,645,https://www.brevardfl.gov/,US,Government of the United States of America
Brevard Zoo,646,https://brevardzoo.org/,US,The East Coast Zoological Foundation (ECZF)
Florida Department of Environmental Protection (DEP),647,https://floridadep.gov/,US,Florida Department of Environmental Protection (DEP)
Florida Fish and Wildlife Conservation Commission,648,https://myfwc.com/,US,Florida Fish and Wildlife Conservation Commission
Indian River County,649,https://visitindianrivercounty.com/about-us/,US,Indian River County
Indian River Lagoon National Estuary Program (IRLNEP),650,https://onelagoon.org/,US,Indian River Lagoon National Estuary Program (IRLNEP)
Martin County,651,https://www.martin.fl.us/,US,Martin County
Florida Sea Grant College Program,652,https://www.flseagrant.org/,US,Florida Sea Grant College Program
St. Johns River Water Management District,653,https://www.sjrwmd.com/,US,State of Florida
St. Lucie County ,654,https://www.stlucieco.gov/,US,St. Lucie County
University of Central Florida,655,https://www.ucf.edu/,US,University of Central Florida
Volusia County,656,https://www.volusia.org/,US,Volusia County
The Water Institute,657,https://thewaterinstitute.org/,US,The Water Institute
Global Environment Facility (GEF),703,https://www.thegef.org/,US,Global Environment Facility (GEF)
United Nations Development Programme (UNDP),704,https://www.undp.org/,US,United Nations
Microsoft,715,https://www.microsoft.com/de-at,US,Microsoft
Mapbox,719,https://www.mapbox.com/,US,Mapbox
Bureau of Ocean Energy Management (BOEM),759,https://www.boem.gov/,US,Bureau of Ocean Energy Management (BOEM)
Tampa Bay Observing Network (TBON),770,https://tbon.marine.usf.edu/,US,Tampa Bay Observing Network (TBON)
Coastal Ocean Monitoring and Prediction System (COMPS),771,https://comps.marine.usf.edu:81/,US,University of South Florida
World Resources Institute (WRI),779,https://www.wri.org/,US,World Resources Institute (WRI)
Global Fishing Watch,782,https://globalfishingwatch.org/,US,Global Fishing Watch
Rutgers University (RU),804,https://www.rutgers.edu,US,Rutgers University (RU)
"University of California, Los Angeles",805,https://www.ucla.edu/,US,University of California
National Center for Environmental Prediction,834,https://www.cpc.ncep.noaa.gov/,US,National Oceanic and Atmospheric Administration (NOAA)
Pacific Northwest National Laboratory (PNNL),838,https://www.pnnl.gov/,US,Pacific Northwest National Laboratory (PNNL)
Open Geospatial Consortium (OGC),845,https://www.ogc.org/,US,Open Geospatial Consortium (OGC)
New Jersey American Water (NJAW),853,https://amwater.com/njaw/,US,New Jersey American Water (NJAW)
Smart Cover Systems,854,https://smartcoversystems.com/,US,Smart Cover Systems
Hazen & Sawyer,855,https://www.hazenandsawyer.com/,US,Hazen & Sawyer
USDA Agricultural Research Service (USDA-ARS),869,https://www.ars.usda.gov/,US,U.S. Department of Agriculture (USDA)
Texas A&M AgriLife Research,870,https://agriliferesearch.tamu.edu/,US,Texas A&M University Corpus Christi’
Texas A&M University Corpus Christi’,871,https://www.tamucc.edu/,US,Texas A&M University Corpus Christi’
Oceanic and Atmospheric Research (NOAA Research),961,https://research.noaa.gov/,US,National Oceanic and Atmospheric Administration (NOAA)
Research Applications Laboratory (RAL),962,https://ral.ucar.edu/,US,Research Applications Laboratory (RAL)
University of Can Tho,828,https://www.ctu.edu.vn/en/,VN,University of Can Tho
Ministry of Agriculture and Fisheries of Samoa,327,https://maf.gov.ws/,WS,Government of Samoa
South African Environmental Observation Network (SAEON),186,https://www.saeon.ac.za,ZA,South African Environmental Observation Network (SAEON)
University of Cape Town,213,https://www.uct.ac.za/,ZA,University of Cape Town
South African Environmental Observation Network (SAEON),214,https://www.saeon.ac.za,ZA,South African Environmental Observation Network (SAEON)
Nelson Mandela University,225,https://www.mandela.ac.za/,ZA,Nelson Mandela University
Institute for Sustainability and Corporate Citizenship University of South Africa,226,"https://www.unisa.ac.za/sites/corporate/default/Colleges/Economic-and-Management-Sciences/Schools,-departments,-bureau,-centres-&-institutes/Institute/Institute-for-Sustainability-and-Corporate-Citizenship/About-us",ZA,University of South Africa
University of Cape Town,453,https://www.uct.ac.za/,ZA,University of Cape Town
European Marine Observation and Data Network (EMODnet),176,https://emodnet.ec.europa.eu,,European Union
European Marine Observation and Data Network (EMODnet),564,https://emodnet.ec.europa.eu,,European Union
Global Mangrove Watch (GMW),783,https://www.globalmangrovewatch.org/,,Global Mangrove Watch (GMW)
